<?xml version="1.0" encoding="UTF-8"?>
<webservices xmlns="http://java.sun.com/xml/ns/javaee" xmlns:xsi="http://www.w3.org/2001/XMLSchema-instance" xsi:schemaLocation="http://java.sun.com/xml/ns/javaee http://java.sun.com/xml/ns/javaee/javaee_web_services_1_3.xsd" version="1.3">
	<webservice-description>
		<webservice-description-name>IbmBbvaBusinessService</webservice-description-name>
		<port-component>
			<port-component-name>IbmBbvaBusinessDelegate</port-component-name>
			<wsdl-service xmlns:pfx="http://business.service.bbva.ibm.com/">
			pfx:IbmBbvaBusinessService</wsdl-service>
			<wsdl-port xmlns:pfx="http://business.service.bbva.ibm.com/">
			pfx:IbmBbvaBusinessPort</wsdl-port>
			<enable-mtom>false</enable-mtom>
			<service-impl-bean>
				<servlet-link>
				com.ibm.bbva.service.business.IbmBbvaBusinessDelegate</servlet-link>
			</service-impl-bean>
		</port-component>
	</webservice-description>
</webservices>
