--------------------------------------------------------
-- Archivo creado  - lunes-abril-14-2014   
--------------------------------------------------------
REM INSERTING into CONELE.TBL_CE_IBM_AUDIT_BASTANTEO_CC
Insert into CONELE.TBL_CE_IBM_AUDIT_BASTANTEO_CC (ID,RESULTADO_BASTANTEO) values (1,'APROBADO');
Insert into CONELE.TBL_CE_IBM_AUDIT_BASTANTEO_CC (ID,RESULTADO_BASTANTEO) values (2,'APROBADO PARCIAL');
Insert into CONELE.TBL_CE_IBM_AUDIT_BASTANTEO_CC (ID,RESULTADO_BASTANTEO) values (3,'OBSERVADO');

REM INSERTING into CONELE.TBL_CE_IBM_AUDIT_CRITERIOS_CC
Insert into CONELE.TBL_CE_IBM_AUDIT_CRITERIOS_CC (ID,TIPO_CRITERIO,INDICADOR) values (1,'SIN AUDITORIA BASTANTEO',0);
Insert into CONELE.TBL_CE_IBM_AUDIT_CRITERIOS_CC (ID,TIPO_CRITERIO,INDICADOR) values (2,'BASTANTEO COMPLETO',0);
Insert into CONELE.TBL_CE_IBM_AUDIT_CRITERIOS_CC (ID,TIPO_CRITERIO,INDICADOR) values (3,'CODIGO CENTRAL',1);
Insert into CONELE.TBL_CE_IBM_AUDIT_CRITERIOS_CC (ID,TIPO_CRITERIO,INDICADOR) values (4,'RESULTADO BASTANTEO',0);

REM INSERTING into CONELE.TBL_CE_IBM_TIPO_BALANCEO_CC
Insert into CONELE.TBL_CE_IBM_TIPO_BALANCEO_CC (ID,DESCRIPCION) values (1,'POR CANTIDAD DE EXPEDIENTE');
Insert into CONELE.TBL_CE_IBM_TIPO_BALANCEO_CC (ID,DESCRIPCION) values (2,'POR PESO DE DOCUMENTO');
Insert into CONELE.TBL_CE_IBM_TIPO_BALANCEO_CC (ID,DESCRIPCION) values (3,'POR CANTIDAD DE PARTICIPES');
Insert into CONELE.TBL_CE_IBM_TIPO_BALANCEO_CC (ID,DESCRIPCION) values (4,'NINGUNO');

REM INSERTING into CONELE.TBL_CE_IBM_CAMPANIA_CC
Insert into CONELE.TBL_CE_IBM_CAMPANIA_CC (ID,DESCRIPCION) values (1,'Campana 1');
Insert into CONELE.TBL_CE_IBM_CAMPANIA_CC (ID,DESCRIPCION) values (2,'Campana 2');
Insert into CONELE.TBL_CE_IBM_CAMPANIA_CC (ID,DESCRIPCION) values (3,'Campana 3');

REM INSERTING into CONELE.TBL_CE_IBM_COBRO_COMISION_CC
Insert into CONELE.TBL_CE_IBM_COBRO_COMISION_CC (ID,DIAS_REINTENTO,HORA_EJECUCION_1,HORA_EJECUCION_2,HORA_EJECUCION_3,HORA_EJECUCION_4) values (1,1,'20:00:00','21:00:00','22:00:00','23:00:00');

REM INSERTING into CONELE.TBL_CE_IBM_DOCUMENTO_CC
Insert into CONELE.TBL_CE_IBM_DOCUMENTO_CC (ID,DESCRIPCION,TIPO_DOCUMENTO,CODIGO_DOCUMENTO,TIPO_VISOR,VIGENCIA_DIAS,FLAG_VIGENCIA,PESO_PROM_HOJA_KB) values (1,'Contrato de apertura de cuenta corriente','Documentos SSJJ','CPLD0','B',0,'0',50);
Insert into CONELE.TBL_CE_IBM_DOCUMENTO_CC (ID,DESCRIPCION,TIPO_DOCUMENTO,CODIGO_DOCUMENTO,TIPO_VISOR,VIGENCIA_DIAS,FLAG_VIGENCIA,PESO_PROM_HOJA_KB) values (2,'Documento oficial de identidad',null,'DOID0','B',20,'1',300);
Insert into CONELE.TBL_CE_IBM_DOCUMENTO_CC (ID,DESCRIPCION,TIPO_DOCUMENTO,CODIGO_DOCUMENTO,TIPO_VISOR,VIGENCIA_DIAS,FLAG_VIGENCIA,PESO_PROM_HOJA_KB) values (3,'Ficha de registro de firmas',null,'FRFI0','B',0,'0',50);
Insert into CONELE.TBL_CE_IBM_DOCUMENTO_CC (ID,DESCRIPCION,TIPO_DOCUMENTO,CODIGO_DOCUMENTO,TIPO_VISOR,VIGENCIA_DIAS,FLAG_VIGENCIA,PESO_PROM_HOJA_KB) values (4,'Clausulas generales de contratación','Documentos SSJJ','CGCC0','B',10,'1',50);
Insert into CONELE.TBL_CE_IBM_DOCUMENTO_CC (ID,DESCRIPCION,TIPO_DOCUMENTO,CODIGO_DOCUMENTO,TIPO_VISOR,VIGENCIA_DIAS,FLAG_VIGENCIA,PESO_PROM_HOJA_KB) values (5,'Relación de Directores y principales accionistas','Documentos SSJJ','RDPA0','B',0,'0',50);
Insert into CONELE.TBL_CE_IBM_DOCUMENTO_CC (ID,DESCRIPCION,TIPO_DOCUMENTO,CODIGO_DOCUMENTO,TIPO_VISOR,VIGENCIA_DIAS,FLAG_VIGENCIA,PESO_PROM_HOJA_KB) values (6,'Declaración Jurada de persona Jurídica','Documentos SSJJ','DJPJ0','B',0,'0',50);
Insert into CONELE.TBL_CE_IBM_DOCUMENTO_CC (ID,DESCRIPCION,TIPO_DOCUMENTO,CODIGO_DOCUMENTO,TIPO_VISOR,VIGENCIA_DIAS,FLAG_VIGENCIA,PESO_PROM_HOJA_KB) values (7,'Registro único de contribuyentes de la empresa (RUC)','Documentos SSJJ','NRUC0','B',0,'0',50);
Insert into CONELE.TBL_CE_IBM_DOCUMENTO_CC (ID,DESCRIPCION,TIPO_DOCUMENTO,CODIGO_DOCUMENTO,TIPO_VISOR,VIGENCIA_DIAS,FLAG_VIGENCIA,PESO_PROM_HOJA_KB) values (8,'Solicitud de cambio de firma','Documentos SSJJ','SCFR0','B',0,'0',50);
Insert into CONELE.TBL_CE_IBM_DOCUMENTO_CC (ID,DESCRIPCION,TIPO_DOCUMENTO,CODIGO_DOCUMENTO,TIPO_VISOR,VIGENCIA_DIAS,FLAG_VIGENCIA,PESO_PROM_HOJA_KB) values (9,'Recibo de servicios','Documentos SSJJ','RDSV0','B',null,null,50);
Insert into CONELE.TBL_CE_IBM_DOCUMENTO_CC (ID,DESCRIPCION,TIPO_DOCUMENTO,CODIGO_DOCUMENTO,TIPO_VISOR,VIGENCIA_DIAS,FLAG_VIGENCIA,PESO_PROM_HOJA_KB) values (10,'Copia simple de Testimonios de Constitución. En caso existan, modificación de estatutos.','Documentos SSJJ','TEST0','A',0,'0',50);
Insert into CONELE.TBL_CE_IBM_DOCUMENTO_CC (ID,DESCRIPCION,TIPO_DOCUMENTO,CODIGO_DOCUMENTO,TIPO_VISOR,VIGENCIA_DIAS,FLAG_VIGENCIA,PESO_PROM_HOJA_KB) values (11,'Escritura pública de constitución ','Documentos SSJJ','EPCO0','A',0,'0',50);
Insert into CONELE.TBL_CE_IBM_DOCUMENTO_CC (ID,DESCRIPCION,TIPO_DOCUMENTO,CODIGO_DOCUMENTO,TIPO_VISOR,VIGENCIA_DIAS,FLAG_VIGENCIA,PESO_PROM_HOJA_KB) values (12,'Copia literal de la Partida Electrónica de la persona jurídica (última página no exceda 30 días)','Documentos SSJJ','CLPE0','A',30,'1',50);
Insert into CONELE.TBL_CE_IBM_DOCUMENTO_CC (ID,DESCRIPCION,TIPO_DOCUMENTO,CODIGO_DOCUMENTO,TIPO_VISOR,VIGENCIA_DIAS,FLAG_VIGENCIA,PESO_PROM_HOJA_KB) values (13,'Vigencia de poderes de las personas jurídicas consorciadas','Documentos SSJJ','VIGP0','B',0,'0',50);
Insert into CONELE.TBL_CE_IBM_DOCUMENTO_CC (ID,DESCRIPCION,TIPO_DOCUMENTO,CODIGO_DOCUMENTO,TIPO_VISOR,VIGENCIA_DIAS,FLAG_VIGENCIA,PESO_PROM_HOJA_KB) values (14,'Acta (Acuerdo) de nombramiento ó Copia Certificada del acta (acuerdo)  de nombramiento.','Documentos SSJJ','AANC0','B',0,'0',50);
Insert into CONELE.TBL_CE_IBM_DOCUMENTO_CC (ID,DESCRIPCION,TIPO_DOCUMENTO,CODIGO_DOCUMENTO,TIPO_VISOR,VIGENCIA_DIAS,FLAG_VIGENCIA,PESO_PROM_HOJA_KB) values (15,'Ley de creación','Documentos SSJJ','LYCC0','B',0,'0',50);
Insert into CONELE.TBL_CE_IBM_DOCUMENTO_CC (ID,DESCRIPCION,TIPO_DOCUMENTO,CODIGO_DOCUMENTO,TIPO_VISOR,VIGENCIA_DIAS,FLAG_VIGENCIA,PESO_PROM_HOJA_KB) values (16,'Reglamento de Ley que contenga las funciones de representantes que autorizan y de los autorizados','Documentos SSJJ','RLYC0','B',0,'0',50);
Insert into CONELE.TBL_CE_IBM_DOCUMENTO_CC (ID,DESCRIPCION,TIPO_DOCUMENTO,CODIGO_DOCUMENTO,TIPO_VISOR,VIGENCIA_DIAS,FLAG_VIGENCIA,PESO_PROM_HOJA_KB) values (17,'Resolución Ministerial, Directoral, Municipal u otras','Documentos SSJJ','RMDM0','B',0,'0',50);
Insert into CONELE.TBL_CE_IBM_DOCUMENTO_CC (ID,DESCRIPCION,TIPO_DOCUMENTO,CODIGO_DOCUMENTO,TIPO_VISOR,VIGENCIA_DIAS,FLAG_VIGENCIA,PESO_PROM_HOJA_KB) values (18,'Contrato de consorcio con firmas legalizadas o testimonio de contrato de consorcio','Documentos SSJJ','COCC0','B',0,'0',50);
Insert into CONELE.TBL_CE_IBM_DOCUMENTO_CC (ID,DESCRIPCION,TIPO_DOCUMENTO,CODIGO_DOCUMENTO,TIPO_VISOR,VIGENCIA_DIAS,FLAG_VIGENCIA,PESO_PROM_HOJA_KB) values (19,'Carta de instrucciones del Cliente','Documentos SSJJ','CARC0','B',0,'0',50);
Insert into CONELE.TBL_CE_IBM_DOCUMENTO_CC (ID,DESCRIPCION,TIPO_DOCUMENTO,CODIGO_DOCUMENTO,TIPO_VISOR,VIGENCIA_DIAS,FLAG_VIGENCIA,PESO_PROM_HOJA_KB) values (20,'Adenda al Contrato del Consorcio con firmas legalizadas o el testimonio de la modificación.','Documentos SSJJ','ADCC0','B',0,'0',50);
Insert into CONELE.TBL_CE_IBM_DOCUMENTO_CC (ID,DESCRIPCION,TIPO_DOCUMENTO,CODIGO_DOCUMENTO,TIPO_VISOR,VIGENCIA_DIAS,FLAG_VIGENCIA,PESO_PROM_HOJA_KB) values (21,'Inscripción en Registro de Organizaciones políticas','Documentos SSJJ','IROP0','B',0,'0',50);
Insert into CONELE.TBL_CE_IBM_DOCUMENTO_CC (ID,DESCRIPCION,TIPO_DOCUMENTO,CODIGO_DOCUMENTO,TIPO_VISOR,VIGENCIA_DIAS,FLAG_VIGENCIA,PESO_PROM_HOJA_KB) values (22,'Constancia de Jurado Nacional de Elecciones','Documentos SSJJ','CJNE0','B',0,'0',50);
Insert into CONELE.TBL_CE_IBM_DOCUMENTO_CC (ID,DESCRIPCION,TIPO_DOCUMENTO,CODIGO_DOCUMENTO,TIPO_VISOR,VIGENCIA_DIAS,FLAG_VIGENCIA,PESO_PROM_HOJA_KB) values (23,'Estatuto ó Copia Certificada de Estatuto.','Documentos SSJJ','ECCE0','B',0,'0',50);
Insert into CONELE.TBL_CE_IBM_DOCUMENTO_CC (ID,DESCRIPCION,TIPO_DOCUMENTO,CODIGO_DOCUMENTO,TIPO_VISOR,VIGENCIA_DIAS,FLAG_VIGENCIA,PESO_PROM_HOJA_KB) values (24,'Inscripción en Ministerio de Agricultura','Documentos SSJJ','IMAG0','B',0,'0',50);
Insert into CONELE.TBL_CE_IBM_DOCUMENTO_CC (ID,DESCRIPCION,TIPO_DOCUMENTO,CODIGO_DOCUMENTO,TIPO_VISOR,VIGENCIA_DIAS,FLAG_VIGENCIA,PESO_PROM_HOJA_KB) values (25,'Reglamento de Organización y Funciones','Documentos SSJJ','RGOF0','B',0,'0',50);
Insert into CONELE.TBL_CE_IBM_DOCUMENTO_CC (ID,DESCRIPCION,TIPO_DOCUMENTO,CODIGO_DOCUMENTO,TIPO_VISOR,VIGENCIA_DIAS,FLAG_VIGENCIA,PESO_PROM_HOJA_KB) values (26,'Autorización de Ministerio para endeudamiento','Documentos SSJJ','AUME0','B',0,'0',50);
Insert into CONELE.TBL_CE_IBM_DOCUMENTO_CC (ID,DESCRIPCION,TIPO_DOCUMENTO,CODIGO_DOCUMENTO,TIPO_VISOR,VIGENCIA_DIAS,FLAG_VIGENCIA,PESO_PROM_HOJA_KB) values (27,'DICTAMEN','Archivo Fisico','DCTA0','B',0,'0',50);
Insert into CONELE.TBL_CE_IBM_DOCUMENTO_CC (ID,DESCRIPCION,TIPO_DOCUMENTO,CODIGO_DOCUMENTO,TIPO_VISOR,VIGENCIA_DIAS,FLAG_VIGENCIA,PESO_PROM_HOJA_KB) values (28,'INSTRUCCIONES','Archivo Fisico','INST0','B',0,'0',50);
Insert into CONELE.TBL_CE_IBM_DOCUMENTO_CC (ID,DESCRIPCION,TIPO_DOCUMENTO,CODIGO_DOCUMENTO,TIPO_VISOR,VIGENCIA_DIAS,FLAG_VIGENCIA,PESO_PROM_HOJA_KB) values (29,'Certificado de Vigencia ','Documentos SSJJ','CERV0','B',0,'0',50);
Insert into CONELE.TBL_CE_IBM_DOCUMENTO_CC (ID,DESCRIPCION,TIPO_DOCUMENTO,CODIGO_DOCUMENTO,TIPO_VISOR,VIGENCIA_DIAS,FLAG_VIGENCIA,PESO_PROM_HOJA_KB) values (30,'Instrucciones bastanteo Aprobado Parcial','Archivo Fisico','IBSA0','B',0,'0',50);
Insert into CONELE.TBL_CE_IBM_DOCUMENTO_CC (ID,DESCRIPCION,TIPO_DOCUMENTO,CODIGO_DOCUMENTO,TIPO_VISOR,VIGENCIA_DIAS,FLAG_VIGENCIA,PESO_PROM_HOJA_KB) values (31,'Instruciones de Escision','Archivo Fisico','ICRZ0','B',0,'0',50);
Insert into CONELE.TBL_CE_IBM_DOCUMENTO_CC (ID,DESCRIPCION,TIPO_DOCUMENTO,CODIGO_DOCUMENTO,TIPO_VISOR,VIGENCIA_DIAS,FLAG_VIGENCIA,PESO_PROM_HOJA_KB) values (32,'Extracto','Archivo Fisico','EXTR0','B',0,'0',50);
Insert into CONELE.TBL_CE_IBM_DOCUMENTO_CC (ID,DESCRIPCION,TIPO_DOCUMENTO,CODIGO_DOCUMENTO,TIPO_VISOR,VIGENCIA_DIAS,FLAG_VIGENCIA,PESO_PROM_HOJA_KB) values (33,'OTROS','Documentos SSJJ','OTRO1','B',0,'0',50);
Insert into CONELE.TBL_CE_IBM_DOCUMENTO_CC (ID,DESCRIPCION,TIPO_DOCUMENTO,CODIGO_DOCUMENTO,TIPO_VISOR,VIGENCIA_DIAS,FLAG_VIGENCIA,PESO_PROM_HOJA_KB) values (34,'Correo de SSJJ','Archivo Fisico','COSJ0','B',0,'0',50);
Insert into CONELE.TBL_CE_IBM_DOCUMENTO_CC (ID,DESCRIPCION,TIPO_DOCUMENTO,CODIGO_DOCUMENTO,TIPO_VISOR,VIGENCIA_DIAS,FLAG_VIGENCIA,PESO_PROM_HOJA_KB) values (35,'Voucher Comision Bastanteo de Poderes','Documentos SSJJ','VCBP0','B',0,'0',50);
Insert into CONELE.TBL_CE_IBM_DOCUMENTO_CC (ID,DESCRIPCION,TIPO_DOCUMENTO,CODIGO_DOCUMENTO,TIPO_VISOR,VIGENCIA_DIAS,FLAG_VIGENCIA,PESO_PROM_HOJA_KB) values (36,'Instrucciones de Fusiones','Archivo Fisico','INFU0','B',0,'0',50);
Insert into CONELE.TBL_CE_IBM_DOCUMENTO_CC (ID,DESCRIPCION,TIPO_DOCUMENTO,CODIGO_DOCUMENTO,TIPO_VISOR,VIGENCIA_DIAS,FLAG_VIGENCIA,PESO_PROM_HOJA_KB) values (37,'Carta dirigida a SBS donde se nombra al Factor Fiduciario y sus facultades','Documentos SSJJ','FID01','B','99','1','50');
Insert into CONELE.TBL_CE_IBM_DOCUMENTO_CC (ID,DESCRIPCION,TIPO_DOCUMENTO,CODIGO_DOCUMENTO,TIPO_VISOR,VIGENCIA_DIAS,FLAG_VIGENCIA,PESO_PROM_HOJA_KB) values (38,'Recibo Arbitrios','Documentos SSJJ','TEST1','A','10','1','50');
Insert into CONELE.TBL_CE_IBM_DOCUMENTO_CC (ID,DESCRIPCION,TIPO_DOCUMENTO,CODIGO_DOCUMENTO,TIPO_VISOR,VIGENCIA_DIAS,FLAG_VIGENCIA,PESO_PROM_HOJA_KB) values (39,'Contrato de Fideicomiso','Documentos SSJJ','FID02','B','99','1','50');
Insert into CONELE.TBL_CE_IBM_DOCUMENTO_CC (ID,DESCRIPCION,TIPO_DOCUMENTO,CODIGO_DOCUMENTO,TIPO_VISOR,VIGENCIA_DIAS,FLAG_VIGENCIA,PESO_PROM_HOJA_KB) values (40,'CLIENTE:Carta del Fiduciario designado a sus apoderados. NO CLIENTE:Vigencia de Poder del apoderado','Documentos SSJJ','FID03','B','0','0','50');

REM INSERTING into CONELE.TBL_CE_IBM_TAREA_CC
Insert into CONELE.TBL_CE_IBM_TAREA_CC (ID,DESCRIPCION,VERDE_MINUTOS,AMARILLO_MINUTOS,NOMBRE_PAGINA) values (30,'Verificar y Realizar Bastanteo',15,10,'verificarRealizarBastanteo/formVerificarRealizarBastanteo');
Insert into CONELE.TBL_CE_IBM_TAREA_CC (ID,DESCRIPCION,VERDE_MINUTOS,AMARILLO_MINUTOS,NOMBRE_PAGINA) values (7,'Pre Registro',10,5,'preRegistro/formPreRegistro');
Insert into CONELE.TBL_CE_IBM_TAREA_CC (ID,DESCRIPCION,VERDE_MINUTOS,AMARILLO_MINUTOS,NOMBRE_PAGINA) values (10,'Verificar Resultado Tramite',10,5,'verificarResultadoTramite/formVerificarResultadoTramite');
Insert into CONELE.TBL_CE_IBM_TAREA_CC (ID,DESCRIPCION,VERDE_MINUTOS,AMARILLO_MINUTOS,NOMBRE_PAGINA) values (11,'Verificar Calidad de Documentos',2,2,'verificarCalidadDocumentos/formVerificarCalidadDocumentos');
Insert into CONELE.TBL_CE_IBM_TAREA_CC (ID,DESCRIPCION,VERDE_MINUTOS,AMARILLO_MINUTOS,NOMBRE_PAGINA) values (12,'Verificar y Realizar Bastanteo',15,10,'verificarRealizarBastanteo/formVerificarRealizarBastanteo');
Insert into CONELE.TBL_CE_IBM_TAREA_CC (ID,DESCRIPCION,VERDE_MINUTOS,AMARILLO_MINUTOS,NOMBRE_PAGINA) values (13,'Revisar y Aprobar Bastanteo',8,5,'revisarAprobarBastanteo/formRevisarAprobarBastanteo');
Insert into CONELE.TBL_CE_IBM_TAREA_CC (ID,DESCRIPCION,VERDE_MINUTOS,AMARILLO_MINUTOS,NOMBRE_PAGINA) values (14,'Ejecutar y Confirmar Modificatorias',7,5,'ejecutarConfirmarModificatorias/formEjecutarConfirmarModificatoria');
Insert into CONELE.TBL_CE_IBM_TAREA_CC (ID,DESCRIPCION,VERDE_MINUTOS,AMARILLO_MINUTOS,NOMBRE_PAGINA) values (15,'Verificar Calidad de Firmas y Asociación',15,5,'verificarCalidadFirma/formVerificarCalidadFirma');
Insert into CONELE.TBL_CE_IBM_TAREA_CC (ID,DESCRIPCION,VERDE_MINUTOS,AMARILLO_MINUTOS,NOMBRE_PAGINA) values (23,'Gestionar Cobro Comisión',10,9,'cargarComision/formGestionarCobroComision');
Insert into CONELE.TBL_CE_IBM_TAREA_CC (ID,DESCRIPCION,VERDE_MINUTOS,AMARILLO_MINUTOS,NOMBRE_PAGINA) values (27,'Aprobar Revocatoria',5,4,'aprobarRevocatoria/formAprobarRevocatoria');
Insert into CONELE.TBL_CE_IBM_TAREA_CC (ID,DESCRIPCION,VERDE_MINUTOS,AMARILLO_MINUTOS,NOMBRE_PAGINA) values (29,'Revisar y Ejecutar Revocatoria',5,4,'revisarEjecutarRevocatoria/formRevisarEjecutarRevocatoria');
Insert into CONELE.TBL_CE_IBM_TAREA_CC (ID,DESCRIPCION,VERDE_MINUTOS,AMARILLO_MINUTOS,NOMBRE_PAGINA) values (3,'Subsanar Firmas',10,8,'subsanarFirmas/formSubsanarFirmas');
Insert into CONELE.TBL_CE_IBM_TAREA_CC (ID,DESCRIPCION,VERDE_MINUTOS,AMARILLO_MINUTOS,NOMBRE_PAGINA) values (1,'Registrar Expediente',10,6,'preRegistro/formPreRegistro');
Insert into CONELE.TBL_CE_IBM_TAREA_CC (ID,DESCRIPCION,VERDE_MINUTOS,AMARILLO_MINUTOS,NOMBRE_PAGINA) values (4,'Subsanar Documentos',10,7,'subsanarDocumentos/formSubsanarDocumentos');

REM INSERTING into CONELE.TBL_CE_IBM_ESCANEO_WEB_CC
Insert into CONELE.TBL_CE_IBM_ESCANEO_WEB_CC (ID,ID_EMPRESA,ID_SISTEMA) values (1,'1','10');

REM INSERTING into CONELE.TBL_CE_IBM_ESTADO_EXP_CC
Insert into CONELE.TBL_CE_IBM_ESTADO_EXP_CC (ID,DESCRIPCION) values (1,'Pre Registro');
Insert into CONELE.TBL_CE_IBM_ESTADO_EXP_CC (ID,DESCRIPCION) values (2,'En Curso');
Insert into CONELE.TBL_CE_IBM_ESTADO_EXP_CC (ID,DESCRIPCION) values (3,'Terminado');
Insert into CONELE.TBL_CE_IBM_ESTADO_EXP_CC (ID,DESCRIPCION) values (4,'Cancelado');

REM INSERTING into CONELE.TBL_CE_IBM_ESTADO_TAREA_CC
Insert into CONELE.TBL_CE_IBM_ESTADO_TAREA_CC (ID,DESCRIPCION) values (3,'Completado');
Insert into CONELE.TBL_CE_IBM_ESTADO_TAREA_CC (ID,DESCRIPCION) values (1,'Pre Registro');
Insert into CONELE.TBL_CE_IBM_ESTADO_TAREA_CC (ID,DESCRIPCION) values (2,'Pendiente');

REM INSERTING into CONELE.TBL_CE_IBM_ESTUDIO_ABOGADO_CC
Insert into CONELE.TBL_CE_IBM_ESTUDIO_ABOGADO_CC (ID,DESCRIPCION) values (0,'Ninguno');
Insert into CONELE.TBL_CE_IBM_ESTUDIO_ABOGADO_CC (ID,DESCRIPCION) values (1,'Estudio 1');

REM INSERTING into CONELE.TBL_CE_IBM_MOTIVO_CC
Insert into CONELE.TBL_CE_IBM_MOTIVO_CC (ID,DESCRIPCION,TIPO_MOTIVO,ID_TAREA_FK,FLAG_ACTIVO,CODIGO_MOTIVO) values (1,'FALTA UNA PAGINA COMPLETA','RECHAZO DOCUMENTO',11,'1',null);
Insert into CONELE.TBL_CE_IBM_MOTIVO_CC (ID,DESCRIPCION,TIPO_MOTIVO,ID_TAREA_FK,FLAG_ACTIVO,CODIGO_MOTIVO) values (2,'Reasignacion abogado','REASIGNACION',1,'1',null);
Insert into CONELE.TBL_CE_IBM_MOTIVO_CC (ID,DESCRIPCION,TIPO_MOTIVO,ID_TAREA_FK,FLAG_ACTIVO,CODIGO_MOTIVO) values (3,'Documento no ilegible','DEVOLUCION',1,'1',null);
Insert into CONELE.TBL_CE_IBM_MOTIVO_CC (ID,DESCRIPCION,TIPO_MOTIVO,ID_TAREA_FK,FLAG_ACTIVO,CODIGO_MOTIVO) values (4,'Motivo 1','REASIGNACION',10,'1','202');
Insert into CONELE.TBL_CE_IBM_MOTIVO_CC (ID,DESCRIPCION,TIPO_MOTIVO,ID_TAREA_FK,FLAG_ACTIVO,CODIGO_MOTIVO) values (5,'Motivo 2','REASIGNACION',10,'1','201');
Insert into CONELE.TBL_CE_IBM_MOTIVO_CC (ID,DESCRIPCION,TIPO_MOTIVO,ID_TAREA_FK,FLAG_ACTIVO,CODIGO_MOTIVO) values (6,'FALTAN DOS PAGINAS','RECHAZO DOCUMENTO',11,'1',null);
Insert into CONELE.TBL_CE_IBM_MOTIVO_CC (ID,DESCRIPCION,TIPO_MOTIVO,ID_TAREA_FK,FLAG_ACTIVO,CODIGO_MOTIVO) values (7,'Motivo Cancelacion 1',null,7,'0',null);
Insert into CONELE.TBL_CE_IBM_MOTIVO_CC (ID,DESCRIPCION,TIPO_MOTIVO,ID_TAREA_FK,FLAG_ACTIVO,CODIGO_MOTIVO) values (8,'Motivo Cancelacion 2','CANCELAR PROCESO',null,'0',null);
Insert into CONELE.TBL_CE_IBM_MOTIVO_CC (ID,DESCRIPCION,TIPO_MOTIVO,ID_TAREA_FK,FLAG_ACTIVO,CODIGO_MOTIVO) values (9,'Motivo Cancelacion 3',null,7,'0',null);
Insert into CONELE.TBL_CE_IBM_MOTIVO_CC (ID,DESCRIPCION,TIPO_MOTIVO,ID_TAREA_FK,FLAG_ACTIVO,CODIGO_MOTIVO) values (10,'GRAFO DIFERENTE AL DOCUMENTO DE IDENTIDAD','RECHAZO DOCUMENTO',15,'1','01');
Insert into CONELE.TBL_CE_IBM_MOTIVO_CC (ID,DESCRIPCION,TIPO_MOTIVO,ID_TAREA_FK,FLAG_ACTIVO,CODIGO_MOTIVO) values (11,'NO HAY CORRESPONDENCIA DOCUMENTO ETIQUETA','DEVOLUCION',12,'1','01');
Insert into CONELE.TBL_CE_IBM_MOTIVO_CC (ID,DESCRIPCION,TIPO_MOTIVO,ID_TAREA_FK,FLAG_ACTIVO,CODIGO_MOTIVO) values (12,'VIGENCIA MAYOR A 30 DIAS','CANCELAR PROCESO',12,'1','05');
Insert into CONELE.TBL_CE_IBM_MOTIVO_CC (ID,DESCRIPCION,TIPO_MOTIVO,ID_TAREA_FK,FLAG_ACTIVO,CODIGO_MOTIVO) values (13,'EXPEDIENTE INCOMPLETO','DEVOLUCION',10,'1','08');
Insert into CONELE.TBL_CE_IBM_MOTIVO_CC (ID,DESCRIPCION,TIPO_MOTIVO,ID_TAREA_FK,FLAG_ACTIVO,CODIGO_MOTIVO) values (14,'OTROS','REASIGNACION',13,'1','99');
Insert into CONELE.TBL_CE_IBM_MOTIVO_CC (ID,DESCRIPCION,TIPO_MOTIVO,ID_TAREA_FK,FLAG_ACTIVO,CODIGO_MOTIVO) values (15,'Cliente va a pagar en Efectivo','CANCELAR PROCESO',23,'1','02');
Insert into CONELE.TBL_CE_IBM_MOTIVO_CC (ID,DESCRIPCION,TIPO_MOTIVO,ID_TAREA_FK,FLAG_ACTIVO,CODIGO_MOTIVO) values (16,'PRESENTA BORRONES Y/O ENMENDADURAS','RECHAZO DOCUMENTO',11,'1','03');
Insert into CONELE.TBL_CE_IBM_MOTIVO_CC (ID,DESCRIPCION,TIPO_MOTIVO,ID_TAREA_FK,FLAG_ACTIVO,CODIGO_MOTIVO) values (17,'EXPEDIENTE INCOMPLETO','RECHAZO DOCUMENTO',11,'1','08');
Insert into CONELE.TBL_CE_IBM_MOTIVO_CC (ID,DESCRIPCION,TIPO_MOTIVO,ID_TAREA_FK,FLAG_ACTIVO,CODIGO_MOTIVO) values (18,'OTROS','RECHAZO DOCUMENTO',11,'1','99');
Insert into CONELE.TBL_CE_IBM_MOTIVO_CC (ID,DESCRIPCION,TIPO_MOTIVO,ID_TAREA_FK,FLAG_ACTIVO,CODIGO_MOTIVO) values (19,'DOCUMENTO ILEGIBLE','DEVOLUCION',12,'1','02');
Insert into CONELE.TBL_CE_IBM_MOTIVO_CC (ID,DESCRIPCION,TIPO_MOTIVO,ID_TAREA_FK,FLAG_ACTIVO,CODIGO_MOTIVO) values (20,'NO EXISTE CODIGO CENTRAL DE CLIENTE','DEVOLUCION',14,'1','02');
Insert into CONELE.TBL_CE_IBM_MOTIVO_CC (ID,DESCRIPCION,TIPO_MOTIVO,ID_TAREA_FK,FLAG_ACTIVO,CODIGO_MOTIVO) values (21,'DOCUMENTO DE IDENTIDAD Y FIRMA PERTENECE A OTRA PERSONA','RECHAZO DOCUMENTO',15,'1','10');
Insert into CONELE.TBL_CE_IBM_MOTIVO_CC (ID,DESCRIPCION,TIPO_MOTIVO,ID_TAREA_FK,FLAG_ACTIVO,CODIGO_MOTIVO) values (22,'NO CUMPLE CON REQUISITOS CTAS PASAPORTE.','RECHAZO DOCUMENTO',15,'1','12');
Insert into CONELE.TBL_CE_IBM_MOTIVO_CC (ID,DESCRIPCION,TIPO_MOTIVO,ID_TAREA_FK,FLAG_ACTIVO,CODIGO_MOTIVO) values (23,'NOMBRE DE REPRESENTANTE INCORRECTO','CANCELAR PROCESO',12,'1','09');
Insert into CONELE.TBL_CE_IBM_MOTIVO_CC (ID,DESCRIPCION,TIPO_MOTIVO,ID_TAREA_FK,FLAG_ACTIVO,CODIGO_MOTIVO) values (24,'DICTAMEN NO CONFORME','REASIGNACION',13,'1','01');
Insert into CONELE.TBL_CE_IBM_MOTIVO_CC (ID,DESCRIPCION,TIPO_MOTIVO,ID_TAREA_FK,FLAG_ACTIVO,CODIGO_MOTIVO) values (25,'Otro','CANCELAR PROCESO',23,'1','99');
Insert into CONELE.TBL_CE_IBM_MOTIVO_CC (ID,DESCRIPCION,TIPO_MOTIVO,ID_TAREA_FK,FLAG_ACTIVO,CODIGO_MOTIVO) values (26,'No hay correspondencia Doc-Etiqueta','RECHAZO DOCUMENTO',11,'1','01');
Insert into CONELE.TBL_CE_IBM_MOTIVO_CC (ID,DESCRIPCION,TIPO_MOTIVO,ID_TAREA_FK,FLAG_ACTIVO,CODIGO_MOTIVO) values (27,'otros','CANCELAR PROCESO',7,'1','99');
Insert into CONELE.TBL_CE_IBM_MOTIVO_CC (ID,DESCRIPCION,TIPO_MOTIVO,ID_TAREA_FK,FLAG_ACTIVO,CODIGO_MOTIVO) values (28,'COPIA LITERAL PRESENTA TITULOS PENDIENTES','RECHAZO DOCUMENTO',11,'1','04');
Insert into CONELE.TBL_CE_IBM_MOTIVO_CC (ID,DESCRIPCION,TIPO_MOTIVO,ID_TAREA_FK,FLAG_ACTIVO,CODIGO_MOTIVO) values (29,'SOLICITUD NO CONFORME','RECHAZO DOCUMENTO',11,'1','07');
Insert into CONELE.TBL_CE_IBM_MOTIVO_CC (ID,DESCRIPCION,TIPO_MOTIVO,ID_TAREA_FK,FLAG_ACTIVO,CODIGO_MOTIVO) values (30,'DOCUMENTO DE IDENTIDAD VENCIDO','RECHAZO DOCUMENTO',15,'1','03');
Insert into CONELE.TBL_CE_IBM_MOTIVO_CC (ID,DESCRIPCION,TIPO_MOTIVO,ID_TAREA_FK,FLAG_ACTIVO,CODIGO_MOTIVO) values (31,'NO CORRESPONDE CODIGO CENTRAL DE CLIENTE','DEVOLUCION',14,'1','01');
Insert into CONELE.TBL_CE_IBM_MOTIVO_CC (ID,DESCRIPCION,TIPO_MOTIVO,ID_TAREA_FK,FLAG_ACTIVO,CODIGO_MOTIVO) values (32,'DOCUMENTO DE IDENTIDAD ILEGIBLE','RECHAZO DOCUMENTO',15,'1','120');
Insert into CONELE.TBL_CE_IBM_MOTIVO_CC (ID,DESCRIPCION,TIPO_MOTIVO,ID_TAREA_FK,FLAG_ACTIVO,CODIGO_MOTIVO) values (33,'OTROS','RECHAZO DOCUMENTO',15,'1','121');
Insert into CONELE.TBL_CE_IBM_MOTIVO_CC (ID,DESCRIPCION,TIPO_MOTIVO,ID_TAREA_FK,FLAG_ACTIVO,CODIGO_MOTIVO) values (34,'GRAFO CON TRAZOS INCOMPLETOS','RECHAZO DOCUMENTO',15,'1','02');
Insert into CONELE.TBL_CE_IBM_MOTIVO_CC (ID,DESCRIPCION,TIPO_MOTIVO,ID_TAREA_FK,FLAG_ACTIVO,CODIGO_MOTIVO) values (35,'GRAFO EN RECUADRO EQUIVOCADO','RECHAZO DOCUMENTO',15,'1','05');
Insert into CONELE.TBL_CE_IBM_MOTIVO_CC (ID,DESCRIPCION,TIPO_MOTIVO,ID_TAREA_FK,FLAG_ACTIVO,CODIGO_MOTIVO) values (36,'CUENTA NO TIENE PARTICIPES','RECHAZO DOCUMENTO',15,'1','20');
Insert into CONELE.TBL_CE_IBM_MOTIVO_CC (ID,DESCRIPCION,TIPO_MOTIVO,ID_TAREA_FK,FLAG_ACTIVO,CODIGO_MOTIVO) values (37,'REGISTRO DE FIRMAS CON BORRONES Y/O ENMENDADURAS','RECHAZO DOCUMENTO',15,'1','09');
Insert into CONELE.TBL_CE_IBM_MOTIVO_CC (ID,DESCRIPCION,TIPO_MOTIVO,ID_TAREA_FK,FLAG_ACTIVO,CODIGO_MOTIVO) values (38,'NO ADJUNTA PAGINA PASAPORTE CON FIRMA DEL TITULAR','RECHAZO DOCUMENTO',15,'1','13');
Insert into CONELE.TBL_CE_IBM_MOTIVO_CC (ID,DESCRIPCION,TIPO_MOTIVO,ID_TAREA_FK,FLAG_ACTIVO,CODIGO_MOTIVO) values (39,'FRF SIN FIRMA Y SELLO DE GESTOR DE PLATAFORMA','RECHAZO DOCUMENTO',15,'1','15');
Insert into CONELE.TBL_CE_IBM_MOTIVO_CC (ID,DESCRIPCION,TIPO_MOTIVO,ID_TAREA_FK,FLAG_ACTIVO,CODIGO_MOTIVO) values (40,'NO SE ACEPTA FRF ESCRITAS A MANO, SOLO IMPRESION DIRECTA DEL SISTEMA','RECHAZO DOCUMENTO',15,'1','17');
Insert into CONELE.TBL_CE_IBM_MOTIVO_CC (ID,DESCRIPCION,TIPO_MOTIVO,ID_TAREA_FK,FLAG_ACTIVO,CODIGO_MOTIVO) values (41,'NO ADJUNTA COPIA DE DOCUMENTO DE IDENTIDAD','RECHAZO DOCUMENTO',15,'1','114');
Insert into CONELE.TBL_CE_IBM_MOTIVO_CC (ID,DESCRIPCION,TIPO_MOTIVO,ID_TAREA_FK,FLAG_ACTIVO,CODIGO_MOTIVO) values (42,'DOCUMENTO ADJUNTO DIFERENTE AL DOCUMENTO REGISTRADO EN BASE DATOS','RECHAZO DOCUMENTO',15,'1','116');
Insert into CONELE.TBL_CE_IBM_MOTIVO_CC (ID,DESCRIPCION,TIPO_MOTIVO,ID_TAREA_FK,FLAG_ACTIVO,CODIGO_MOTIVO) values (43,'EXPEDIENTE INCOMPLETO','CANCELAR PROCESO',12,'1','08');
Insert into CONELE.TBL_CE_IBM_MOTIVO_CC (ID,DESCRIPCION,TIPO_MOTIVO,ID_TAREA_FK,FLAG_ACTIVO,CODIGO_MOTIVO) values (44,'OTROS','REASIGNACION',13,'1','98');
Insert into CONELE.TBL_CE_IBM_MOTIVO_CC (ID,DESCRIPCION,TIPO_MOTIVO,ID_TAREA_FK,FLAG_ACTIVO,CODIGO_MOTIVO) values (45,'Delegar a otro Abogado','REASIGNACION BANDEJA',27,'1','01');
Insert into CONELE.TBL_CE_IBM_MOTIVO_CC (ID,DESCRIPCION,TIPO_MOTIVO,ID_TAREA_FK,FLAG_ACTIVO,CODIGO_MOTIVO) values (46,'FECHA DE VIGENCIA VENCIDA','RECHAZO DOCUMENTO',11,'1','06');
Insert into CONELE.TBL_CE_IBM_MOTIVO_CC (ID,DESCRIPCION,TIPO_MOTIVO,ID_TAREA_FK,FLAG_ACTIVO,CODIGO_MOTIVO) values (47,'GRAFO ILEGIBLE','RECHAZO DOCUMENTO',15,'1','06');
Insert into CONELE.TBL_CE_IBM_MOTIVO_CC (ID,DESCRIPCION,TIPO_MOTIVO,ID_TAREA_FK,FLAG_ACTIVO,CODIGO_MOTIVO) values (48,'PRESENTA TITULOS PENDIENTES','CANCELAR PROCESO',12,'1','04');
Insert into CONELE.TBL_CE_IBM_MOTIVO_CC (ID,DESCRIPCION,TIPO_MOTIVO,ID_TAREA_FK,FLAG_ACTIVO,CODIGO_MOTIVO) values (49,'GRAFO FUERA DE RECUADRO','RECHAZO DOCUMENTO',15,'1','04');
Insert into CONELE.TBL_CE_IBM_MOTIVO_CC (ID,DESCRIPCION,TIPO_MOTIVO,ID_TAREA_FK,FLAG_ACTIVO,CODIGO_MOTIVO) values (50,'FECHA DE VIGENCIA VENCIDA','CANCELAR PROCESO',12,'1','06');
Insert into CONELE.TBL_CE_IBM_MOTIVO_CC (ID,DESCRIPCION,TIPO_MOTIVO,ID_TAREA_FK,FLAG_ACTIVO,CODIGO_MOTIVO) values (51,'NUMERO DE DOCUMENTO ERRADO EN EL SISTEMA','RECHAZO DOCUMENTO',15,'1','99');
Insert into CONELE.TBL_CE_IBM_MOTIVO_CC (ID,DESCRIPCION,TIPO_MOTIVO,ID_TAREA_FK,FLAG_ACTIVO,CODIGO_MOTIVO) values (52,'INFORMACION INSUFICIENTE','CANCELAR PROCESO',12,'1','10');
Insert into CONELE.TBL_CE_IBM_MOTIVO_CC (ID,DESCRIPCION,TIPO_MOTIVO,ID_TAREA_FK,FLAG_ACTIVO,CODIGO_MOTIVO) values (53,'Cliente Desestimo Operacion','CANCELAR PROCESO',23,'1','01');
Insert into CONELE.TBL_CE_IBM_MOTIVO_CC (ID,DESCRIPCION,TIPO_MOTIVO,ID_TAREA_FK,FLAG_ACTIVO,CODIGO_MOTIVO) values (54,'Otro','REASIGNACION',27,'1','99');
Insert into CONELE.TBL_CE_IBM_MOTIVO_CC (ID,DESCRIPCION,TIPO_MOTIVO,ID_TAREA_FK,FLAG_ACTIVO,CODIGO_MOTIVO) values (55,'CLIENTE DESEA CANCELAR TRAMITE','CANCELAR PROCESO',7,'1','01');
Insert into CONELE.TBL_CE_IBM_MOTIVO_CC (ID,DESCRIPCION,TIPO_MOTIVO,ID_TAREA_FK,FLAG_ACTIVO,CODIGO_MOTIVO) values (56,'Inasistencia/Ausencia','REASIGNACION BANDEJA',null,'1','02');
Insert into CONELE.TBL_CE_IBM_MOTIVO_CC (ID,DESCRIPCION,TIPO_MOTIVO,ID_TAREA_FK,FLAG_ACTIVO,CODIGO_MOTIVO) values (57,'Reasignar 1','REASIGNACION BANDEJA',15,'1','101');
Insert into CONELE.TBL_CE_IBM_MOTIVO_CC (ID,DESCRIPCION,TIPO_MOTIVO,ID_TAREA_FK,FLAG_ACTIVO,CODIGO_MOTIVO) values (58,'DOCUMENTO ILEGIBLE','RECHAZO DOCUMENTO',11,'1','02');
Insert into CONELE.TBL_CE_IBM_MOTIVO_CC (ID,DESCRIPCION,TIPO_MOTIVO,ID_TAREA_FK,FLAG_ACTIVO,CODIGO_MOTIVO) values (59,'Vigencia mayor a 30 dias','RECHAZO DOCUMENTO',11,'1','05');
Insert into CONELE.TBL_CE_IBM_MOTIVO_CC (ID,DESCRIPCION,TIPO_MOTIVO,ID_TAREA_FK,FLAG_ACTIVO,CODIGO_MOTIVO) values (60,'Incorrecto los Nombres de Rep.','RECHAZO DOCUMENTO',11,'1','09');
Insert into CONELE.TBL_CE_IBM_MOTIVO_CC (ID,DESCRIPCION,TIPO_MOTIVO,ID_TAREA_FK,FLAG_ACTIVO,CODIGO_MOTIVO) values (61,'EN RECUADRO DEBE IR SOLO FIRMA NO SELLO','RECHAZO DOCUMENTO',15,'1','08');
Insert into CONELE.TBL_CE_IBM_MOTIVO_CC (ID,DESCRIPCION,TIPO_MOTIVO,ID_TAREA_FK,FLAG_ACTIVO,CODIGO_MOTIVO) values (62,'GRAFO CON TRAZOS DIFERENTES AL DOCUMENTO DE IDENTIDAD','RECHAZO DOCUMENTO',15,'1','03');
Insert into CONELE.TBL_CE_IBM_MOTIVO_CC (ID,DESCRIPCION,TIPO_MOTIVO,ID_TAREA_FK,FLAG_ACTIVO,CODIGO_MOTIVO) values (63,'REGISTRO DE FIRMAS SIN GRAFO DEL CLIENTE','RECHAZO DOCUMENTO',15,'1','07');
Insert into CONELE.TBL_CE_IBM_MOTIVO_CC (ID,DESCRIPCION,TIPO_MOTIVO,ID_TAREA_FK,FLAG_ACTIVO,CODIGO_MOTIVO) values (64,'SOLICITAR MODIFICACION DE NOMBRES MEDIANTE FORMULARIO MEMO','RECHAZO DOCUMENTO',15,'1','11');
Insert into CONELE.TBL_CE_IBM_MOTIVO_CC (ID,DESCRIPCION,TIPO_MOTIVO,ID_TAREA_FK,FLAG_ACTIVO,CODIGO_MOTIVO) values (65,'SOLICITAR MODIF FEC.NACIM MEDIANTE FORMULARIO MEMO','RECHAZO DOCUMENTO',15,'1','14');
Insert into CONELE.TBL_CE_IBM_MOTIVO_CC (ID,DESCRIPCION,TIPO_MOTIVO,ID_TAREA_FK,FLAG_ACTIVO,CODIGO_MOTIVO) values (66,'FRF PRESENTA MANCHAS DE IMPRESION','RECHAZO DOCUMENTO',15,'1','16');
Insert into CONELE.TBL_CE_IBM_MOTIVO_CC (ID,DESCRIPCION,TIPO_MOTIVO,ID_TAREA_FK,FLAG_ACTIVO,CODIGO_MOTIVO) values (67,'NO SE ACEPTAN FOTOCOPIAS DE FIRMAS','RECHAZO DOCUMENTO',15,'1','18');
Insert into CONELE.TBL_CE_IBM_MOTIVO_CC (ID,DESCRIPCION,TIPO_MOTIVO,ID_TAREA_FK,FLAG_ACTIVO,CODIGO_MOTIVO) values (68,'FICHA RENIEC NO VALIDA PARA SU VERIFICACION','RECHAZO DOCUMENTO',15,'1','115');
Insert into CONELE.TBL_CE_IBM_MOTIVO_CC (ID,DESCRIPCION,TIPO_MOTIVO,ID_TAREA_FK,FLAG_ACTIVO,CODIGO_MOTIVO) values (69,'PARTICIPE NO INCLUIDO EN LA CUENTA','RECHAZO DOCUMENTO',15,'1','19');
Insert into CONELE.TBL_CE_IBM_MOTIVO_CC (ID,DESCRIPCION,TIPO_MOTIVO,ID_TAREA_FK,FLAG_ACTIVO,CODIGO_MOTIVO) values (70,'Carga de Trabajo','REASIGNACION BANDEJA',null,'1','01');
Insert into CONELE.TBL_CE_IBM_MOTIVO_CC (ID,DESCRIPCION,TIPO_MOTIVO,ID_TAREA_FK,FLAG_ACTIVO,CODIGO_MOTIVO) values (71,'Vacaciones','REASIGNACION BANDEJA',null,'1','03');

REM INSERTING into CONELE.TBL_CE_IBM_OPERACION_CC
Insert into CONELE.TBL_CE_IBM_OPERACION_CC (ID,DESCRIPCION,CODIGO_OPERACION) values (1,'Nuevo Bastanteo','01');
Insert into CONELE.TBL_CE_IBM_OPERACION_CC (ID,DESCRIPCION,CODIGO_OPERACION) values (2,'Modificatoria de bastanteo','02');
Insert into CONELE.TBL_CE_IBM_OPERACION_CC (ID,DESCRIPCION,CODIGO_OPERACION) values (4,'Cambio de firmas','04');
Insert into CONELE.TBL_CE_IBM_OPERACION_CC (ID,DESCRIPCION,CODIGO_OPERACION) values (5,'Subsanación de Bastanteo','05');
Insert into CONELE.TBL_CE_IBM_OPERACION_CC (ID,DESCRIPCION,CODIGO_OPERACION) values (6,'Revocatoria específica','06');

Insert into CONELE.TBL_CE_IBM_PARAMETROS_CONF (ID,CODIGO_APLICATIVO,NOMBRE_VARIABLE,VALOR_VARIABLE) values ('1','1','CONSTANTE_FTP_HOST','PLFILVCONFIL1');
Insert into CONELE.TBL_CE_IBM_PARAMETROS_CONF (ID,CODIGO_APLICATIVO,NOMBRE_VARIABLE,VALOR_VARIABLE) values ('2','1','CONSTANTE_FTP_PERIODO','1000');
Insert into CONELE.TBL_CE_IBM_PARAMETROS_CONF (ID,CODIGO_APLICATIVO,NOMBRE_VARIABLE,VALOR_VARIABLE) values ('3','1','CONSTANTE_FTP_TASA','256');
Insert into CONELE.TBL_CE_IBM_PARAMETROS_CONF (ID,CODIGO_APLICATIVO,NOMBRE_VARIABLE,VALOR_VARIABLE) values ('4','1','CONSTANTE_HOSTWS','PLAPLVCONWAS');
Insert into CONELE.TBL_CE_IBM_PARAMETROS_CONF (ID,CODIGO_APLICATIVO,NOMBRE_VARIABLE,VALOR_VARIABLE) values ('5','1','BBVA_WPS_JAVA_NAMING_PROVIDER_URL','iiop://9.6.99.50:2809');
Insert into CONELE.TBL_CE_IBM_PARAMETROS_CONF (ID,CODIGO_APLICATIVO,NOMBRE_VARIABLE,VALOR_VARIABLE) values ('6','1','BBVA_WPS_JAVA_NAMING_FACTORY_INITIAL','com.ibm.websphere.naming.WsnInitialContextFactory');
Insert into CONELE.TBL_CE_IBM_PARAMETROS_CONF (ID,CODIGO_APLICATIVO,NOMBRE_VARIABLE,VALOR_VARIABLE) values ('7','1','BBVA_LOG_LEVEL','INFO');
Insert into CONELE.TBL_CE_IBM_PARAMETROS_CONF (ID,CODIGO_APLICATIVO,NOMBRE_VARIABLE,VALOR_VARIABLE) values ('8','1','IBM_BBVA_BUSINESS_SERVICE','http://PLAPLVCONWAS/BBVA_CE_WS/IbmBbvaBusinessService');
Insert into CONELE.TBL_CE_IBM_PARAMETROS_CONF (ID,CODIGO_APLICATIVO,NOMBRE_VARIABLE,VALOR_VARIABLE) values ('9','1','CONTENT_SERVICE_IMPL','http://PLAPLVCONCON/BBVA_CE_CM_WAS/ContentServiceImplService');
Insert into CONELE.TBL_CE_IBM_PARAMETROS_CONF (ID,CODIGO_APLICATIVO,NOMBRE_VARIABLE,VALOR_VARIABLE) values ('10','1','LOG4J_ROOT_LOGGER','DEBUG, consola, archivo');
Insert into CONELE.TBL_CE_IBM_PARAMETROS_CONF (ID,CODIGO_APLICATIVO,NOMBRE_VARIABLE,VALOR_VARIABLE) values ('11','1','LOG4J_APPENDER_CONSOLA','org.apache.log4j.ConsoleAppender');
Insert into CONELE.TBL_CE_IBM_PARAMETROS_CONF (ID,CODIGO_APLICATIVO,NOMBRE_VARIABLE,VALOR_VARIABLE) values ('12','1','LOG4J_APPENDER_CONSOLA_LAYOUT_CONVERSION_PATTERN','[%t] (%F:%L) %-5p %c - %m%n');
Insert into CONELE.TBL_CE_IBM_PARAMETROS_CONF (ID,CODIGO_APLICATIVO,NOMBRE_VARIABLE,VALOR_VARIABLE) values ('13','1','LOG4J_APPENDER_ARCHIVO','org.apache.log4j.RollingFileAppender');
Insert into CONELE.TBL_CE_IBM_PARAMETROS_CONF (ID,CODIGO_APLICATIVO,NOMBRE_VARIABLE,VALOR_VARIABLE) values ('14','1','LOG4J_APPENDER_ARCHIVO_FILE','/pr/conele/logs/bbva_cs_gui.log');
Insert into CONELE.TBL_CE_IBM_PARAMETROS_CONF (ID,CODIGO_APLICATIVO,NOMBRE_VARIABLE,VALOR_VARIABLE) values ('15','1','LOG4J_APPENDER_ARCHIVO_MAXFILESIZE','1000KB');
Insert into CONELE.TBL_CE_IBM_PARAMETROS_CONF (ID,CODIGO_APLICATIVO,NOMBRE_VARIABLE,VALOR_VARIABLE) values ('16','1','LOG4J_APPENDER_ARCHIVO_MAXBACKUPINDEX','1');
Insert into CONELE.TBL_CE_IBM_PARAMETROS_CONF (ID,CODIGO_APLICATIVO,NOMBRE_VARIABLE,VALOR_VARIABLE) values ('17','1','LOG4J_APPENDER_ARCHIVO_LAYOUT','org.apache.log4j.PatternLayout');
Insert into CONELE.TBL_CE_IBM_PARAMETROS_CONF (ID,CODIGO_APLICATIVO,NOMBRE_VARIABLE,VALOR_VARIABLE) values ('18','1','LOG4J_APPENDER_ARCHIVO_LAYOUT_CONVERSION_PATTERN','%d [%t] %-5p %c - %m%n');
Insert into CONELE.TBL_CE_IBM_PARAMETROS_CONF (ID,CODIGO_APLICATIVO,NOMBRE_VARIABLE,VALOR_VARIABLE) values ('19','1','LOG4J_APPENDER_CONSOLA_LAYOUT','org.apache.log4j.PatternLayout');
Insert into CONELE.TBL_CE_IBM_PARAMETROS_CONF (ID,CODIGO_APLICATIVO,NOMBRE_VARIABLE,VALOR_VARIABLE) values ('20','1','REST_PROCESS_APP_ID','2066.bf3fc9cc-6dea-48dd-9768-ec332032b024');
Insert into CONELE.TBL_CE_IBM_PARAMETROS_CONF (ID,CODIGO_APLICATIVO,NOMBRE_VARIABLE,VALOR_VARIABLE) values ('21','1','REST_SNAPSHOP_ID','2064.0d1a3000-dd6b-4eb1-8ec9-a41bdfb41956');
Insert into CONELE.TBL_CE_IBM_PARAMETROS_CONF (ID,CODIGO_APLICATIVO,NOMBRE_VARIABLE,VALOR_VARIABLE) values ('22','1','REST_HOST','PLAPLVCONWAS');
Insert into CONELE.TBL_CE_IBM_PARAMETROS_CONF (ID,CODIGO_APLICATIVO,NOMBRE_VARIABLE,VALOR_VARIABLE) values ('23','1','REST_PORT','80');
Insert into CONELE.TBL_CE_IBM_PARAMETROS_CONF (ID,CODIGO_APLICATIVO,NOMBRE_VARIABLE,VALOR_VARIABLE) values ('24','5','bbva.log.file.path','/pr/conele/logs/logCM843.log');
Insert into CONELE.TBL_CE_IBM_PARAMETROS_CONF (ID,CODIGO_APLICATIVO,NOMBRE_VARIABLE,VALOR_VARIABLE) values ('25','5','log.level','DEBUG');
Insert into CONELE.TBL_CE_IBM_PARAMETROS_CONF (ID,CODIGO_APLICATIVO,NOMBRE_VARIABLE,VALOR_VARIABLE) values ('26','5','log.use.native.log','false');
Insert into CONELE.TBL_CE_IBM_PARAMETROS_CONF (ID,CODIGO_APLICATIVO,NOMBRE_VARIABLE,VALOR_VARIABLE) values ('27','5','log.date.format','dd.MM.yyyy HH:mm:ss');
Insert into CONELE.TBL_CE_IBM_PARAMETROS_CONF (ID,CODIGO_APLICATIVO,NOMBRE_VARIABLE,VALOR_VARIABLE) values ('28','5','log.file.maxfilesize','1024KB');
Insert into CONELE.TBL_CE_IBM_PARAMETROS_CONF (ID,CODIGO_APLICATIVO,NOMBRE_VARIABLE,VALOR_VARIABLE) values ('29','5','log.trace','LEVEL,CLASS,LINE,DATE');
Insert into CONELE.TBL_CE_IBM_PARAMETROS_CONF (ID,CODIGO_APLICATIVO,NOMBRE_VARIABLE,VALOR_VARIABLE) values ('30','5','ftp.host','118.180.188.30');

Insert into CONELE.TBL_CE_IBM_PARAMETROS_CONF (ID,CODIGO_APLICATIVO,NOMBRE_VARIABLE,VALOR_VARIABLE) values ('33','5','app.carpetaFTP','docsce');
Insert into CONELE.TBL_CE_IBM_PARAMETROS_CONF (ID,CODIGO_APLICATIVO,NOMBRE_VARIABLE,VALOR_VARIABLE) values ('34','5','cmserver','icmnlsdb');

Insert into CONELE.TBL_CE_IBM_PARAMETROS_CONF (ID,CODIGO_APLICATIVO,NOMBRE_VARIABLE,VALOR_VARIABLE) values ('37','5','ws.path_cc','http://PLAPLVCONWAS/BBVA_CTACTE_Servicio/CEContentManagerServiceService');
Insert into CONELE.TBL_CE_IBM_PARAMETROS_CONF (ID,CODIGO_APLICATIVO,NOMBRE_VARIABLE,VALOR_VARIABLE) values ('38','5','ws.path','http://PLAPLVCONWAS/BBVA_CE_WS/IbmBbvaBusinessService');
Insert into CONELE.TBL_CE_IBM_PARAMETROS_CONF (ID,CODIGO_APLICATIVO,NOMBRE_VARIABLE,VALOR_VARIABLE) values ('39','5','date.format','yyyy-MM-dd');
Insert into CONELE.TBL_CE_IBM_PARAMETROS_CONF (ID,CODIGO_APLICATIVO,NOMBRE_VARIABLE,VALOR_VARIABLE) values ('40','1','REST_ID_TARJETA_CREDITO_PROCESS','25.ecc66a04-4eef-4674-9465-3aed26b8bceb');
Insert into CONELE.TBL_CE_IBM_PARAMETROS_CONF (ID,CODIGO_APLICATIVO,NOMBRE_VARIABLE,VALOR_VARIABLE) values ('41','1','REST_ID_RECIBIR_ENVIAR_MENSAJE','25.4c859075-3fc8-4f07-a2e2-00393853542c');
Insert into CONELE.TBL_CE_IBM_PARAMETROS_CONF (ID,CODIGO_APLICATIVO,NOMBRE_VARIABLE,VALOR_VARIABLE) values ('42','1','REST_ID_REASIGNAR_TAREA','25.008dfe6d-c875-4e69-addd-7ec26d3fd571');
Insert into CONELE.TBL_CE_IBM_PARAMETROS_CONF (ID,CODIGO_APLICATIVO,NOMBRE_VARIABLE,VALOR_VARIABLE) values ('43','1','REST_USUARIO_ADMIN','userAD');

Insert into CONELE.TBL_CE_IBM_PARAMETROS_CONF (ID,CODIGO_APLICATIVO,NOMBRE_VARIABLE,VALOR_VARIABLE) values ('45','5','LOG4J_ROOT_LOGGER','DEBUG, consola, archivo');
Insert into CONELE.TBL_CE_IBM_PARAMETROS_CONF (ID,CODIGO_APLICATIVO,NOMBRE_VARIABLE,VALOR_VARIABLE) values ('46','5','LOG4J_APPENDER_CONSOLA','org.apache.log4j.ConsoleAppender');
Insert into CONELE.TBL_CE_IBM_PARAMETROS_CONF (ID,CODIGO_APLICATIVO,NOMBRE_VARIABLE,VALOR_VARIABLE) values ('47','5','LOG4J_APPENDER_CONSOLA_LAYOUT_CONVERSION_PATTERN','[%t] (%F:%L) %-5p %c - %m%n');
Insert into CONELE.TBL_CE_IBM_PARAMETROS_CONF (ID,CODIGO_APLICATIVO,NOMBRE_VARIABLE,VALOR_VARIABLE) values ('48','5','LOG4J_APPENDER_ARCHIVO','org.apache.log4j.RollingFileAppender');
Insert into CONELE.TBL_CE_IBM_PARAMETROS_CONF (ID,CODIGO_APLICATIVO,NOMBRE_VARIABLE,VALOR_VARIABLE) values ('49','5','LOG4J_APPENDER_ARCHIVO_FILE','/pr/conele/logs/logCM843.log');
Insert into CONELE.TBL_CE_IBM_PARAMETROS_CONF (ID,CODIGO_APLICATIVO,NOMBRE_VARIABLE,VALOR_VARIABLE) values ('50','5','LOG4J_APPENDER_ARCHIVO_MAXFILESIZE','1024KB');
Insert into CONELE.TBL_CE_IBM_PARAMETROS_CONF (ID,CODIGO_APLICATIVO,NOMBRE_VARIABLE,VALOR_VARIABLE) values ('51','5','LOG4J_APPENDER_ARCHIVO_MAXBACKUPINDEX','3');
Insert into CONELE.TBL_CE_IBM_PARAMETROS_CONF (ID,CODIGO_APLICATIVO,NOMBRE_VARIABLE,VALOR_VARIABLE) values ('52','5','LOG4J_APPENDER_ARCHIVO_LAYOUT','org.apache.log4j.PatternLayout');
Insert into CONELE.TBL_CE_IBM_PARAMETROS_CONF (ID,CODIGO_APLICATIVO,NOMBRE_VARIABLE,VALOR_VARIABLE) values ('53','5','LOG4J_APPENDER_ARCHIVO_LAYOUT_CONVERSION_PATTERN','%d [%t] %-5p %c - %m%n');
Insert into CONELE.TBL_CE_IBM_PARAMETROS_CONF (ID,CODIGO_APLICATIVO,NOMBRE_VARIABLE,VALOR_VARIABLE) values ('54','5','LOG4J_APPENDER_CONSOLA_LAYOUT','org.apache.log4j.PatternLayout');
Insert into CONELE.TBL_CE_IBM_PARAMETROS_CONF (ID,CODIGO_APLICATIVO,NOMBRE_VARIABLE,VALOR_VARIABLE) values ('55','1','CONTENT_SERVICE_URL','http://PLAPLVCONWAS/BBVA_CE_WS/IbmBbvaBusinessService');
Insert into CONELE.TBL_CE_IBM_PARAMETROS_CONF (ID,CODIGO_APLICATIVO,NOMBRE_VARIABLE,VALOR_VARIABLE) values ('56','6','WFTARJETAS_SERVICE_URL','http://118.180.36.123:9080/wsiist/services/ServiceWFTarjetas');
Insert into CONELE.TBL_CE_IBM_PARAMETROS_CONF (ID,CODIGO_APLICATIVO,NOMBRE_VARIABLE,VALOR_VARIABLE) values ('57','7','SCE_SERVICE_URL','http://118.180.36.26:7802/sce/pe20/');
Insert into CONELE.TBL_CE_IBM_PARAMETROS_CONF (ID,CODIGO_APLICATIVO,NOMBRE_VARIABLE,VALOR_VARIABLE) values ('58','8','TIPOCAMBIO_SERVICE_URL','http://118.180.36.26:7802/ExtraerTipoCambio');
Insert into CONELE.TBL_CE_IBM_PARAMETROS_CONF (ID,CODIGO_APLICATIVO,NOMBRE_VARIABLE,VALOR_VARIABLE) values ('59','9','HAREC_SERVICE_URL','http://118.180.13.222:7809/PosicionPersonaWS/');
Insert into CONELE.TBL_CE_IBM_PARAMETROS_CONF (ID,CODIGO_APLICATIVO,NOMBRE_VARIABLE,VALOR_VARIABLE) values ('60','10','RENIEC_SERVICE_URL','http://118.180.13.201/WSIntegracionRENIEC/services/WS_PersonaReniec');

Insert into CONELE.TBL_CE_IBM_PARAMETROS_CONF (ID,CODIGO_APLICATIVO,NOMBRE_VARIABLE,VALOR_VARIABLE) values ('63','1','CONSTANTE_FTP_DIRECTORIO_DOC_ESCANEADOS_BAJADA','C:\\ContratacionElectronica\\Descargados_TC');
Insert into CONELE.TBL_CE_IBM_PARAMETROS_CONF (ID,CODIGO_APLICATIVO,NOMBRE_VARIABLE,VALOR_VARIABLE) values ('64','1','CONSTANTE_FTP_DIRECTORIO_DOC_ESCANEADOS','C:\\ContratacionElectronica\\Transferencias_TC');
Insert into CONELE.TBL_CE_IBM_PARAMETROS_CONF (ID,CODIGO_APLICATIVO,NOMBRE_VARIABLE,VALOR_VARIABLE) values ('65','1','CONSTANTE_FTP_DIRECTORIO_LOG_DOC_ESCANEADOS','C:\\ContratacionElectronica\\Log_TC');

Insert into CONELE.TBL_CE_IBM_PARAMETROS_CONF_CC (ID,CODIGO_MODULO,NOMBRE_VARIABLE,VALOR_VARIABLE) values ('50','CONF','carpetaFTP','docsce');
Insert into CONELE.TBL_CE_IBM_PARAMETROS_CONF_CC (ID,CODIGO_MODULO,NOMBRE_VARIABLE,VALOR_VARIABLE) values ('51','CONF','appletTamanoMaxArchivoMB','30');
Insert into CONELE.TBL_CE_IBM_PARAMETROS_CONF_CC (ID,CODIGO_MODULO,NOMBRE_VARIABLE,VALOR_VARIABLE) values ('29','CONF','puertoServidorProcess','80');
Insert into CONELE.TBL_CE_IBM_PARAMETROS_CONF_CC (ID,CODIGO_MODULO,NOMBRE_VARIABLE,VALOR_VARIABLE) values ('1','CONF','endpointServicioCore','http://118.180.54.185:7808/accpj/servicios/');
Insert into CONELE.TBL_CE_IBM_PARAMETROS_CONF_CC (ID,CODIGO_MODULO,NOMBRE_VARIABLE,VALOR_VARIABLE) values ('2','CONF','endpointServicioSFP','http://118.180.54.225/SFPWS/services/WSServicioSFP.WSServicioSFPHttpSoap11Endpoint/');
Insert into CONELE.TBL_CE_IBM_PARAMETROS_CONF_CC (ID,CODIGO_MODULO,NOMBRE_VARIABLE,VALOR_VARIABLE) values ('3','CONF','endpointServicioQSP5','http://118.180.54.185:7808/sce/qsp5/');
Insert into CONELE.TBL_CE_IBM_PARAMETROS_CONF_CC (ID,CODIGO_MODULO,NOMBRE_VARIABLE,VALOR_VARIABLE) values ('4','CONF','endpointServicioPagoServicio','http://118.180.54.185:7808/accpj/pagser/');
Insert into CONELE.TBL_CE_IBM_PARAMETROS_CONF_CC (ID,CODIGO_MODULO,NOMBRE_VARIABLE,VALOR_VARIABLE) values ('5','CONF','endpointServicioContent','http://PLAPLVCONCON/BBVA_CE_CM_WAS/ContentServiceImplService');
Insert into CONELE.TBL_CE_IBM_PARAMETROS_CONF_CC (ID,CODIGO_MODULO,NOMBRE_VARIABLE,VALOR_VARIABLE) values ('6','CONF','endpointServicioContentPid','http://PLAPLVCONCON/BBVA_CE_CM_WAS/ContentServicePidImplService');
Insert into CONELE.TBL_CE_IBM_PARAMETROS_CONF_CC (ID,CODIGO_MODULO,NOMBRE_VARIABLE,VALOR_VARIABLE) values ('7','CONF','paginaAsociacionFirmas','http://118.180.54.225/SFPWS/jsp/firmas/lectorparametros.jsp');
Insert into CONELE.TBL_CE_IBM_PARAMETROS_CONF_CC (ID,CODIGO_MODULO,NOMBRE_VARIABLE,VALOR_VARIABLE) values ('8','CONF','paginaRealizarBastanteo','http://118.180.54.225/SFPWS/jsp/bastanteo/lectorparametros.jsp');
Insert into CONELE.TBL_CE_IBM_PARAMETROS_CONF_CC (ID,CODIGO_MODULO,NOMBRE_VARIABLE,VALOR_VARIABLE) values ('9','CONF','paginaConsultaPoderes','http://www.google.com.pe');
Insert into CONELE.TBL_CE_IBM_PARAMETROS_CONF_CC (ID,CODIGO_MODULO,NOMBRE_VARIABLE,VALOR_VARIABLE) values ('10','CONF','paginaEscaneoWeb','http://118.180.54.225:80/NAEWeb/pages/escaner/InvocaEscaner.xhtml');
Insert into CONELE.TBL_CE_IBM_PARAMETROS_CONF_CC (ID,CODIGO_MODULO,NOMBRE_VARIABLE,VALOR_VARIABLE) values ('11','CONF','paginaManualUsuario','http://contentserver.adobe.com/store/books/GeographyofBliss_oneChapter.epub');
Insert into CONELE.TBL_CE_IBM_PARAMETROS_CONF_CC (ID,CODIGO_MODULO,NOMBRE_VARIABLE,VALOR_VARIABLE) values ('12','CONF','emailMesaDocumentos','mesadedocumentos@bbva.com');
Insert into CONELE.TBL_CE_IBM_PARAMETROS_CONF_CC (ID,CODIGO_MODULO,NOMBRE_VARIABLE,VALOR_VARIABLE) values ('13','CONF','emailMesaFirmas','mesadefirmas@bbva.com');
Insert into CONELE.TBL_CE_IBM_PARAMETROS_CONF_CC (ID,CODIGO_MODULO,NOMBRE_VARIABLE,VALOR_VARIABLE) values ('14','CONF','emailRemitente','remitente@bbva.com');
Insert into CONELE.TBL_CE_IBM_PARAMETROS_CONF_CC (ID,CODIGO_MODULO,NOMBRE_VARIABLE,VALOR_VARIABLE) values ('15','CONF','hostServidorCorreo','118.180.54.25');
Insert into CONELE.TBL_CE_IBM_PARAMETROS_CONF_CC (ID,CODIGO_MODULO,NOMBRE_VARIABLE,VALOR_VARIABLE) values ('16','CONF','puertoServidorCorreo','25');
Insert into CONELE.TBL_CE_IBM_PARAMETROS_CONF_CC (ID,CODIGO_MODULO,NOMBRE_VARIABLE,VALOR_VARIABLE) values ('17','CONF','hostServidorContent','PLAPLVCONCON');
Insert into CONELE.TBL_CE_IBM_PARAMETROS_CONF_CC (ID,CODIGO_MODULO,NOMBRE_VARIABLE,VALOR_VARIABLE) values ('18','CONF','puertoServidorContent','80');
Insert into CONELE.TBL_CE_IBM_PARAMETROS_CONF_CC (ID,CODIGO_MODULO,NOMBRE_VARIABLE,VALOR_VARIABLE) values ('19','CONF','hostServidorWeb','PLAPLVCONWAS');
Insert into CONELE.TBL_CE_IBM_PARAMETROS_CONF_CC (ID,CODIGO_MODULO,NOMBRE_VARIABLE,VALOR_VARIABLE) values ('20','CONF','puertoServidorWeb','80');
Insert into CONELE.TBL_CE_IBM_PARAMETROS_CONF_CC (ID,CODIGO_MODULO,NOMBRE_VARIABLE,VALOR_VARIABLE) values ('21','CONF','hostServidorFTP','PLFILVCONFIL');

Insert into CONELE.TBL_CE_IBM_PARAMETROS_CONF_CC (ID,CODIGO_MODULO,NOMBRE_VARIABLE,VALOR_VARIABLE) values ('24','CONF','periodoTranfFTP','1000');
Insert into CONELE.TBL_CE_IBM_PARAMETROS_CONF_CC (ID,CODIGO_MODULO,NOMBRE_VARIABLE,VALOR_VARIABLE) values ('25','CONF','tasaKBytes','256');
Insert into CONELE.TBL_CE_IBM_PARAMETROS_CONF_CC (ID,CODIGO_MODULO,NOMBRE_VARIABLE,VALOR_VARIABLE) values ('26','CONF','hostServidorConvPDF','PLAPLVCONWAS');
Insert into CONELE.TBL_CE_IBM_PARAMETROS_CONF_CC (ID,CODIGO_MODULO,NOMBRE_VARIABLE,VALOR_VARIABLE) values ('27','CONF','puertoServidorConvPDF','80');
Insert into CONELE.TBL_CE_IBM_PARAMETROS_CONF_CC (ID,CODIGO_MODULO,NOMBRE_VARIABLE,VALOR_VARIABLE) values ('28','CONF','hostServidorProcess','PLAPLVCONWAS');
Insert into CONELE.TBL_CE_IBM_PARAMETROS_CONF_CC (ID,CODIGO_MODULO,NOMBRE_VARIABLE,VALOR_VARIABLE) values ('30','CONF','usuarioAdminProcess','userAD');

Insert into CONELE.TBL_CE_IBM_PARAMETROS_CONF_CC (ID,CODIGO_MODULO,NOMBRE_VARIABLE,VALOR_VARIABLE) values ('32','CONF','idCuentaCorrienteProcess','25.c0bdfa91-fc96-46e5-8078-736c5a4b73af');
Insert into CONELE.TBL_CE_IBM_PARAMETROS_CONF_CC (ID,CODIGO_MODULO,NOMBRE_VARIABLE,VALOR_VARIABLE) values ('33','CONF','idReasignarTarea','25.504b543b-4405-4186-adbc-db1a25baefbf');
Insert into CONELE.TBL_CE_IBM_PARAMETROS_CONF_CC (ID,CODIGO_MODULO,NOMBRE_VARIABLE,VALOR_VARIABLE) values ('34','CONF','processAppId','2066.b6b638c6-9dbf-4fed-8d73-77527f838eec');
Insert into CONELE.TBL_CE_IBM_PARAMETROS_CONF_CC (ID,CODIGO_MODULO,NOMBRE_VARIABLE,VALOR_VARIABLE) values ('35','CONF','snapshotId','2064.766b0c79-566d-4f02-a6ef-0dd09837bd18');
Insert into CONELE.TBL_CE_IBM_PARAMETROS_CONF_CC (ID,CODIGO_MODULO,NOMBRE_VARIABLE,VALOR_VARIABLE) values ('36','CONF','appletCarpetaDescargados','C:\ContratacionElectronica\Descargados_CC');
Insert into CONELE.TBL_CE_IBM_PARAMETROS_CONF_CC (ID,CODIGO_MODULO,NOMBRE_VARIABLE,VALOR_VARIABLE) values ('37','CONF','appletCarpetaTransferencias','C:\ContratacionElectronica\Transferencias_CC');
Insert into CONELE.TBL_CE_IBM_PARAMETROS_CONF_CC (ID,CODIGO_MODULO,NOMBRE_VARIABLE,VALOR_VARIABLE) values ('38','CONF','appletCarpetaLog','C:\ContratacionElectronica\Log_CC');
Insert into CONELE.TBL_CE_IBM_PARAMETROS_CONF_CC (ID,CODIGO_MODULO,NOMBRE_VARIABLE,VALOR_VARIABLE) values ('39','CONF','codigoTipoPJMigracion','26');
Insert into CONELE.TBL_CE_IBM_PARAMETROS_CONF_CC (ID,CODIGO_MODULO,NOMBRE_VARIABLE,VALOR_VARIABLE) values ('40','LOG','log4j.rootLogger','DEBUG, consola, archivo');
Insert into CONELE.TBL_CE_IBM_PARAMETROS_CONF_CC (ID,CODIGO_MODULO,NOMBRE_VARIABLE,VALOR_VARIABLE) values ('41','LOG','log4j.appender.consola','org.apache.log4j.ConsoleAppender');
Insert into CONELE.TBL_CE_IBM_PARAMETROS_CONF_CC (ID,CODIGO_MODULO,NOMBRE_VARIABLE,VALOR_VARIABLE) values ('42','LOG','log4j.appender.consola.layout','org.apache.log4j.PatternLayout');
Insert into CONELE.TBL_CE_IBM_PARAMETROS_CONF_CC (ID,CODIGO_MODULO,NOMBRE_VARIABLE,VALOR_VARIABLE) values ('43','LOG','log4j.appender.consola.layout.ConversionPattern','[%t] (%F:%L) %-5p %c - %m%n');
Insert into CONELE.TBL_CE_IBM_PARAMETROS_CONF_CC (ID,CODIGO_MODULO,NOMBRE_VARIABLE,VALOR_VARIABLE) values ('44','LOG','log4j.appender.archivo','org.apache.log4j.RollingFileAppender');
Insert into CONELE.TBL_CE_IBM_PARAMETROS_CONF_CC (ID,CODIGO_MODULO,NOMBRE_VARIABLE,VALOR_VARIABLE) values ('45','LOG','log4j.appender.archivo.file','/pr/conele/logs/bbva_accpj_gui.log');
Insert into CONELE.TBL_CE_IBM_PARAMETROS_CONF_CC (ID,CODIGO_MODULO,NOMBRE_VARIABLE,VALOR_VARIABLE) values ('46','LOG','log4j.appender.archivo.MaxFileSize','1000KB');
Insert into CONELE.TBL_CE_IBM_PARAMETROS_CONF_CC (ID,CODIGO_MODULO,NOMBRE_VARIABLE,VALOR_VARIABLE) values ('47','LOG','log4j.appender.archivo.MaxBackupIndex','1');
Insert into CONELE.TBL_CE_IBM_PARAMETROS_CONF_CC (ID,CODIGO_MODULO,NOMBRE_VARIABLE,VALOR_VARIABLE) values ('48','LOG','log4j.appender.archivo.layout','org.apache.log4j.PatternLayout');
Insert into CONELE.TBL_CE_IBM_PARAMETROS_CONF_CC (ID,CODIGO_MODULO,NOMBRE_VARIABLE,VALOR_VARIABLE) values ('49','LOG','log4j.appender.archivo.layout.ConversionPattern','%d [%t] %-5p %c - %m%n');


REM INSERTING into CONELE.TBL_CE_IBM_PARA_VISTA_UNICA_CC
Insert into CONELE.TBL_CE_IBM_PARA_VISTA_UNICA_CC (ID,ID_DOCUMENTO_CC_FK,FLAG_SOLO_ULTIMA_VERSION) values (1,12,'0');

REM INSERTING into CONELE.TBL_CE_IBM_PERFIL
Insert into CONELE.TBL_CE_IBM_PERFIL (ID,CODIGO,DESCRIPCION,ID_PERFIL_FK,LISTA_CORREO_JEFES,FLAG_REGISTRA_EXP,FLAG_ASIGNACION,FLAG_ADMINISTRACION,FLAG_REGISTRA_AYU) values (26,'26','Migrador',null,'correo@dominio.com','0','0','0',null);
Insert into CONELE.TBL_CE_IBM_PERFIL (ID,CODIGO,DESCRIPCION,ID_PERFIL_FK,LISTA_CORREO_JEFES,FLAG_REGISTRA_EXP,FLAG_ASIGNACION,FLAG_ADMINISTRACION,FLAG_REGISTRA_AYU) values (14,'14','Administrador',null,'correo@dominio.com','1','0','1','0');
Insert into CONELE.TBL_CE_IBM_PERFIL (ID,CODIGO,DESCRIPCION,ID_PERFIL_FK,LISTA_CORREO_JEFES,FLAG_REGISTRA_EXP,FLAG_ASIGNACION,FLAG_ADMINISTRACION,FLAG_REGISTRA_AYU) values (22,'22','Gerente de Oficina',null,'correo@dominio.com','0','0','0','0');
Insert into CONELE.TBL_CE_IBM_PERFIL (ID,CODIGO,DESCRIPCION,ID_PERFIL_FK,LISTA_CORREO_JEFES,FLAG_REGISTRA_EXP,FLAG_ASIGNACION,FLAG_ADMINISTRACION,FLAG_REGISTRA_AYU) values (23,'23','Jefe de Bastanteo',14,'correo@dominio.com','0','0','0','0');
Insert into CONELE.TBL_CE_IBM_PERFIL (ID,CODIGO,DESCRIPCION,ID_PERFIL_FK,LISTA_CORREO_JEFES,FLAG_REGISTRA_EXP,FLAG_ASIGNACION,FLAG_ADMINISTRACION,FLAG_REGISTRA_AYU) values (24,'24','Supervisor Mesa de Firmas',null,'correo@dominio.com','0','0','0','0');
Insert into CONELE.TBL_CE_IBM_PERFIL (ID,CODIGO,DESCRIPCION,ID_PERFIL_FK,LISTA_CORREO_JEFES,FLAG_REGISTRA_EXP,FLAG_ASIGNACION,FLAG_ADMINISTRACION,FLAG_REGISTRA_AYU) values (25,'25','Supervisor de digitador',null,'correo@dominio.com','0','0','0','0');
Insert into CONELE.TBL_CE_IBM_PERFIL (ID,CODIGO,DESCRIPCION,ID_PERFIL_FK,LISTA_CORREO_JEFES,FLAG_REGISTRA_EXP,FLAG_ASIGNACION,FLAG_ADMINISTRACION,FLAG_REGISTRA_AYU) values (15,'15','Gestor',22,'correo@dominio.com','0','0','0','0');
Insert into CONELE.TBL_CE_IBM_PERFIL (ID,CODIGO,DESCRIPCION,ID_PERFIL_FK,LISTA_CORREO_JEFES,FLAG_REGISTRA_EXP,FLAG_ASIGNACION,FLAG_ADMINISTRACION,FLAG_REGISTRA_AYU) values (16,'16','Mesa de Firmas',24,'correo@dominio.com','0','0','0','0');
Insert into CONELE.TBL_CE_IBM_PERFIL (ID,CODIGO,DESCRIPCION,ID_PERFIL_FK,LISTA_CORREO_JEFES,FLAG_REGISTRA_EXP,FLAG_ASIGNACION,FLAG_ADMINISTRACION,FLAG_REGISTRA_AYU) values (17,'17','Mesa de documentos',23,'correo@dominio.com','0','0','0','0');
Insert into CONELE.TBL_CE_IBM_PERFIL (ID,CODIGO,DESCRIPCION,ID_PERFIL_FK,LISTA_CORREO_JEFES,FLAG_REGISTRA_EXP,FLAG_ASIGNACION,FLAG_ADMINISTRACION,FLAG_REGISTRA_AYU) values (21,'21','Supervisor de Abogado de Bastanteo',23,'correo@dominio.com','0','0','0','0');
Insert into CONELE.TBL_CE_IBM_PERFIL (ID,CODIGO,DESCRIPCION,ID_PERFIL_FK,LISTA_CORREO_JEFES,FLAG_REGISTRA_EXP,FLAG_ASIGNACION,FLAG_ADMINISTRACION,FLAG_REGISTRA_AYU) values (18,'18','Abogado de Bastanteo',21,'correo@dominio.com','0','0','0','0');
Insert into CONELE.TBL_CE_IBM_PERFIL (ID,CODIGO,DESCRIPCION,ID_PERFIL_FK,LISTA_CORREO_JEFES,FLAG_REGISTRA_EXP,FLAG_ASIGNACION,FLAG_ADMINISTRACION,FLAG_REGISTRA_AYU) values (19,'19','Abogado de Revision',23,'correo@dominio.com','0','0','0','0');
Insert into CONELE.TBL_CE_IBM_PERFIL (ID,CODIGO,DESCRIPCION,ID_PERFIL_FK,LISTA_CORREO_JEFES,FLAG_REGISTRA_EXP,FLAG_ASIGNACION,FLAG_ADMINISTRACION,FLAG_REGISTRA_AYU) values (20,'20','Digitador',25,'correo@dominio.com','0','0','0','0');




REM INSERTING into CONELE.TBL_CE_IBM_PERFIL_BALANCEO_CC
Insert into CONELE.TBL_CE_IBM_PERFIL_BALANCEO_CC (ID,ID_PERFIL_FK,ID_TIPO_BALANCEO_FK) values (7,26,3);
Insert into CONELE.TBL_CE_IBM_PERFIL_BALANCEO_CC (ID,ID_PERFIL_FK,ID_TIPO_BALANCEO_FK) values (1,15,4);
Insert into CONELE.TBL_CE_IBM_PERFIL_BALANCEO_CC (ID,ID_PERFIL_FK,ID_TIPO_BALANCEO_FK) values (2,16,1);
Insert into CONELE.TBL_CE_IBM_PERFIL_BALANCEO_CC (ID,ID_PERFIL_FK,ID_TIPO_BALANCEO_FK) values (3,17,2);
Insert into CONELE.TBL_CE_IBM_PERFIL_BALANCEO_CC (ID,ID_PERFIL_FK,ID_TIPO_BALANCEO_FK) values (4,18,3);
Insert into CONELE.TBL_CE_IBM_PERFIL_BALANCEO_CC (ID,ID_PERFIL_FK,ID_TIPO_BALANCEO_FK) values (5,19,3);
Insert into CONELE.TBL_CE_IBM_PERFIL_BALANCEO_CC (ID,ID_PERFIL_FK,ID_TIPO_BALANCEO_FK) values (6,20,1);

REM INSERTING into CONELE.TBL_CE_IBM_PESO_EXP_CC
Insert into CONELE.TBL_CE_IBM_PESO_EXP_CC (ID,PESO_MB_DESDE,PESO_MB_HASTA,PESO) values (4,-1,0,0);
Insert into CONELE.TBL_CE_IBM_PESO_EXP_CC (ID,PESO_MB_DESDE,PESO_MB_HASTA,PESO) values (1,0,10,1);
Insert into CONELE.TBL_CE_IBM_PESO_EXP_CC (ID,PESO_MB_DESDE,PESO_MB_HASTA,PESO) values (2,10,20,2);
Insert into CONELE.TBL_CE_IBM_PESO_EXP_CC (ID,PESO_MB_DESDE,PESO_MB_HASTA,PESO) values (3,20,9999,3);

REM INSERTING into CONELE.TBL_CE_IBM_PESO_PARTICIPE_CC
Insert into CONELE.TBL_CE_IBM_PESO_PARTICIPE_CC (ID,NUMERO_HASTA,PESO,NUMERO_DESDE) values (1,2,1,0);
Insert into CONELE.TBL_CE_IBM_PESO_PARTICIPE_CC (ID,NUMERO_HASTA,PESO,NUMERO_DESDE) values (2,4,2,3);
Insert into CONELE.TBL_CE_IBM_PESO_PARTICIPE_CC (ID,NUMERO_HASTA,PESO,NUMERO_DESDE) values (3,999,3,5);

REM INSERTING into CONELE.TBL_CE_IBM_PLAZO_SUBSANA_CC
Insert into CONELE.TBL_CE_IBM_PLAZO_SUBSANA_CC (ID,PLAZO_DIAS) values (1,1);

REM INSERTING into CONELE.TBL_CE_IBM_PRODUCTO
Insert into CONELE.TBL_CE_IBM_PRODUCTO (ID,CODIGO,DESCRIPCION,PESO) values (2,'2','CUENTA CORRIENTE',1);

REM INSERTING into CONELE.TBL_CE_IBM_PRODUCTO_CC
Insert into CONELE.TBL_CE_IBM_PRODUCTO_CC (ID,CODIGO,DESCRIPCION) values (1,'02','Cuenta Ahorros');
Insert into CONELE.TBL_CE_IBM_PRODUCTO_CC (ID,CODIGO,DESCRIPCION) values (2,'01','Cuenta Corriente');
Insert into CONELE.TBL_CE_IBM_PRODUCTO_CC (ID,CODIGO,DESCRIPCION) values (3,'00110','CUENTA CORRIENTE');
Insert into CONELE.TBL_CE_IBM_PRODUCTO_CC (ID,CODIGO,DESCRIPCION) values (4,'03','Cuenta Plazos');

REM INSERTING into CONELE.TBL_CE_IBM_TAREA_PERFIL_CC
Insert into CONELE.TBL_CE_IBM_TAREA_PERFIL_CC (ID,ID_TAREA_CC_FK,ID_PERFIL_FK) values (13,30,26);
Insert into CONELE.TBL_CE_IBM_TAREA_PERFIL_CC (ID,ID_TAREA_CC_FK,ID_PERFIL_FK) values (1,1,15);
Insert into CONELE.TBL_CE_IBM_TAREA_PERFIL_CC (ID,ID_TAREA_CC_FK,ID_PERFIL_FK) values (3,3,15);
Insert into CONELE.TBL_CE_IBM_TAREA_PERFIL_CC (ID,ID_TAREA_CC_FK,ID_PERFIL_FK) values (4,4,15);
Insert into CONELE.TBL_CE_IBM_TAREA_PERFIL_CC (ID,ID_TAREA_CC_FK,ID_PERFIL_FK) values (5,10,15);
Insert into CONELE.TBL_CE_IBM_TAREA_PERFIL_CC (ID,ID_TAREA_CC_FK,ID_PERFIL_FK) values (6,15,16);
Insert into CONELE.TBL_CE_IBM_TAREA_PERFIL_CC (ID,ID_TAREA_CC_FK,ID_PERFIL_FK) values (7,11,17);
Insert into CONELE.TBL_CE_IBM_TAREA_PERFIL_CC (ID,ID_TAREA_CC_FK,ID_PERFIL_FK) values (8,12,18);
Insert into CONELE.TBL_CE_IBM_TAREA_PERFIL_CC (ID,ID_TAREA_CC_FK,ID_PERFIL_FK) values (9,29,18);
Insert into CONELE.TBL_CE_IBM_TAREA_PERFIL_CC (ID,ID_TAREA_CC_FK,ID_PERFIL_FK) values (10,13,19);
Insert into CONELE.TBL_CE_IBM_TAREA_PERFIL_CC (ID,ID_TAREA_CC_FK,ID_PERFIL_FK) values (11,27,19);
Insert into CONELE.TBL_CE_IBM_TAREA_PERFIL_CC (ID,ID_TAREA_CC_FK,ID_PERFIL_FK) values (12,14,20);


REM INSERTING into CONELE.TBL_CE_IBM_GUIA_DOCUMENT_CC
Insert into CONELE.TBL_CE_IBM_GUIA_DOCUMENT_CC (ID_OPERACION_FK,ID_DOCUMENTO_FK,FLAG_OBLIGATORIO,FLAG_REEMPLAZABLE,FLAG_CADUCA,FLAG_REQ_ESCANEO,ID_PRODUCTO_FK,COD_TIPO_PJ,DES_TIPO_PJ) values (6,5,'0','0','0','0',1,'01','PRIVADO');
Insert into CONELE.TBL_CE_IBM_GUIA_DOCUMENT_CC (ID_OPERACION_FK,ID_DOCUMENTO_FK,FLAG_OBLIGATORIO,FLAG_REEMPLAZABLE,FLAG_CADUCA,FLAG_REQ_ESCANEO,ID_PRODUCTO_FK,COD_TIPO_PJ,DES_TIPO_PJ) values (1,2,'1','0','0','1',1,'01','SAC/SAA/SRL/EIRL/ASOC INSCRITA');
Insert into CONELE.TBL_CE_IBM_GUIA_DOCUMENT_CC (ID_OPERACION_FK,ID_DOCUMENTO_FK,FLAG_OBLIGATORIO,FLAG_REEMPLAZABLE,FLAG_CADUCA,FLAG_REQ_ESCANEO,ID_PRODUCTO_FK,COD_TIPO_PJ,DES_TIPO_PJ) values (1,3,'1','0','0','1',1,'01','SAC/SAA/SRL/EIRL/ASOC INSCRITA');
Insert into CONELE.TBL_CE_IBM_GUIA_DOCUMENT_CC (ID_OPERACION_FK,ID_DOCUMENTO_FK,FLAG_OBLIGATORIO,FLAG_REEMPLAZABLE,FLAG_CADUCA,FLAG_REQ_ESCANEO,ID_PRODUCTO_FK,COD_TIPO_PJ,DES_TIPO_PJ) values (1,11,'0','0','0','0',1,'01','SAC/SAA/SRL/EIRL/ASOC INSCRITA');
Insert into CONELE.TBL_CE_IBM_GUIA_DOCUMENT_CC (ID_OPERACION_FK,ID_DOCUMENTO_FK,FLAG_OBLIGATORIO,FLAG_REEMPLAZABLE,FLAG_CADUCA,FLAG_REQ_ESCANEO,ID_PRODUCTO_FK,COD_TIPO_PJ,DES_TIPO_PJ) values (1,12,'1','0','0','0',1,'01','SAC/SAA/SRL/EIRL/ASOC INSCRITA');
Insert into CONELE.TBL_CE_IBM_GUIA_DOCUMENT_CC (ID_OPERACION_FK,ID_DOCUMENTO_FK,FLAG_OBLIGATORIO,FLAG_REEMPLAZABLE,FLAG_CADUCA,FLAG_REQ_ESCANEO,ID_PRODUCTO_FK,COD_TIPO_PJ,DES_TIPO_PJ) values (2,2,'0','0','0','0',1,'01','SAC/SAA/SRL/EIRL/ASOC INSCRITA');
Insert into CONELE.TBL_CE_IBM_GUIA_DOCUMENT_CC (ID_OPERACION_FK,ID_DOCUMENTO_FK,FLAG_OBLIGATORIO,FLAG_REEMPLAZABLE,FLAG_CADUCA,FLAG_REQ_ESCANEO,ID_PRODUCTO_FK,COD_TIPO_PJ,DES_TIPO_PJ) values (2,3,'0','0','0','0',1,'01','SAC/SAA/SRL/EIRL/ASOC INSCRITA');
Insert into CONELE.TBL_CE_IBM_GUIA_DOCUMENT_CC (ID_OPERACION_FK,ID_DOCUMENTO_FK,FLAG_OBLIGATORIO,FLAG_REEMPLAZABLE,FLAG_CADUCA,FLAG_REQ_ESCANEO,ID_PRODUCTO_FK,COD_TIPO_PJ,DES_TIPO_PJ) values (2,11,'0','0','0','0',1,'01','SAC/SAA/SRL/EIRL/ASOC INSCRITA');
Insert into CONELE.TBL_CE_IBM_GUIA_DOCUMENT_CC (ID_OPERACION_FK,ID_DOCUMENTO_FK,FLAG_OBLIGATORIO,FLAG_REEMPLAZABLE,FLAG_CADUCA,FLAG_REQ_ESCANEO,ID_PRODUCTO_FK,COD_TIPO_PJ,DES_TIPO_PJ) values (2,12,'0','0','0','1',1,'01','SAC/SAA/SRL/EIRL/ASOC INSCRITA');
Insert into CONELE.TBL_CE_IBM_GUIA_DOCUMENT_CC (ID_OPERACION_FK,ID_DOCUMENTO_FK,FLAG_OBLIGATORIO,FLAG_REEMPLAZABLE,FLAG_CADUCA,FLAG_REQ_ESCANEO,ID_PRODUCTO_FK,COD_TIPO_PJ,DES_TIPO_PJ) values (4,2,'1','0','0','1',1,'01','SAC/SAA/SRL/EIRL/ASOC INSCRITA');
Insert into CONELE.TBL_CE_IBM_GUIA_DOCUMENT_CC (ID_OPERACION_FK,ID_DOCUMENTO_FK,FLAG_OBLIGATORIO,FLAG_REEMPLAZABLE,FLAG_CADUCA,FLAG_REQ_ESCANEO,ID_PRODUCTO_FK,COD_TIPO_PJ,DES_TIPO_PJ) values (4,3,'1','0','0','1',1,'01','SAC/SAA/SRL/EIRL/ASOC INSCRITA');
Insert into CONELE.TBL_CE_IBM_GUIA_DOCUMENT_CC (ID_OPERACION_FK,ID_DOCUMENTO_FK,FLAG_OBLIGATORIO,FLAG_REEMPLAZABLE,FLAG_CADUCA,FLAG_REQ_ESCANEO,ID_PRODUCTO_FK,COD_TIPO_PJ,DES_TIPO_PJ) values (5,11,'0','0','0','0',1,'01','SAC/SAA/SRL/EIRL/ASOC INSCRITA');
Insert into CONELE.TBL_CE_IBM_GUIA_DOCUMENT_CC (ID_OPERACION_FK,ID_DOCUMENTO_FK,FLAG_OBLIGATORIO,FLAG_REEMPLAZABLE,FLAG_CADUCA,FLAG_REQ_ESCANEO,ID_PRODUCTO_FK,COD_TIPO_PJ,DES_TIPO_PJ) values (5,12,'0','0','0','1',1,'01','SAC/SAA/SRL/EIRL/ASOC INSCRITA');
Insert into CONELE.TBL_CE_IBM_GUIA_DOCUMENT_CC (ID_OPERACION_FK,ID_DOCUMENTO_FK,FLAG_OBLIGATORIO,FLAG_REEMPLAZABLE,FLAG_CADUCA,FLAG_REQ_ESCANEO,ID_PRODUCTO_FK,COD_TIPO_PJ,DES_TIPO_PJ) values (1,15,'1','0','0','0',1,'02','PUBLICO');
Insert into CONELE.TBL_CE_IBM_GUIA_DOCUMENT_CC (ID_OPERACION_FK,ID_DOCUMENTO_FK,FLAG_OBLIGATORIO,FLAG_REEMPLAZABLE,FLAG_CADUCA,FLAG_REQ_ESCANEO,ID_PRODUCTO_FK,COD_TIPO_PJ,DES_TIPO_PJ) values (5,15,'0','0','0','0',1,'02','PUBLICO');
Insert into CONELE.TBL_CE_IBM_GUIA_DOCUMENT_CC (ID_OPERACION_FK,ID_DOCUMENTO_FK,FLAG_OBLIGATORIO,FLAG_REEMPLAZABLE,FLAG_CADUCA,FLAG_REQ_ESCANEO,ID_PRODUCTO_FK,COD_TIPO_PJ,DES_TIPO_PJ) values (1,16,'1','0','0','0',1,'02','PUBLICO');
Insert into CONELE.TBL_CE_IBM_GUIA_DOCUMENT_CC (ID_OPERACION_FK,ID_DOCUMENTO_FK,FLAG_OBLIGATORIO,FLAG_REEMPLAZABLE,FLAG_CADUCA,FLAG_REQ_ESCANEO,ID_PRODUCTO_FK,COD_TIPO_PJ,DES_TIPO_PJ) values (5,16,'0','0','0','0',1,'02','PUBLICO');
Insert into CONELE.TBL_CE_IBM_GUIA_DOCUMENT_CC (ID_OPERACION_FK,ID_DOCUMENTO_FK,FLAG_OBLIGATORIO,FLAG_REEMPLAZABLE,FLAG_CADUCA,FLAG_REQ_ESCANEO,ID_PRODUCTO_FK,COD_TIPO_PJ,DES_TIPO_PJ) values (1,17,'1','0','0','0',1,'02','PUBLICO');
Insert into CONELE.TBL_CE_IBM_GUIA_DOCUMENT_CC (ID_OPERACION_FK,ID_DOCUMENTO_FK,FLAG_OBLIGATORIO,FLAG_REEMPLAZABLE,FLAG_CADUCA,FLAG_REQ_ESCANEO,ID_PRODUCTO_FK,COD_TIPO_PJ,DES_TIPO_PJ) values (2,17,'0','0','0','1',1,'02','PUBLICO');
Insert into CONELE.TBL_CE_IBM_GUIA_DOCUMENT_CC (ID_OPERACION_FK,ID_DOCUMENTO_FK,FLAG_OBLIGATORIO,FLAG_REEMPLAZABLE,FLAG_CADUCA,FLAG_REQ_ESCANEO,ID_PRODUCTO_FK,COD_TIPO_PJ,DES_TIPO_PJ) values (5,17,'0','0','0','0',1,'02','PUBLICO');
Insert into CONELE.TBL_CE_IBM_GUIA_DOCUMENT_CC (ID_OPERACION_FK,ID_DOCUMENTO_FK,FLAG_OBLIGATORIO,FLAG_REEMPLAZABLE,FLAG_CADUCA,FLAG_REQ_ESCANEO,ID_PRODUCTO_FK,COD_TIPO_PJ,DES_TIPO_PJ) values (1,13,'0','0','0','0',1,'03','CONSORCIO');
Insert into CONELE.TBL_CE_IBM_GUIA_DOCUMENT_CC (ID_OPERACION_FK,ID_DOCUMENTO_FK,FLAG_OBLIGATORIO,FLAG_REEMPLAZABLE,FLAG_CADUCA,FLAG_REQ_ESCANEO,ID_PRODUCTO_FK,COD_TIPO_PJ,DES_TIPO_PJ) values (1,18,'1','0','0','0',1,'03','CONSORCIO');
Insert into CONELE.TBL_CE_IBM_GUIA_DOCUMENT_CC (ID_OPERACION_FK,ID_DOCUMENTO_FK,FLAG_OBLIGATORIO,FLAG_REEMPLAZABLE,FLAG_CADUCA,FLAG_REQ_ESCANEO,ID_PRODUCTO_FK,COD_TIPO_PJ,DES_TIPO_PJ) values (5,18,'0','0','0','0',1,'03','CONSORCIO');
Insert into CONELE.TBL_CE_IBM_GUIA_DOCUMENT_CC (ID_OPERACION_FK,ID_DOCUMENTO_FK,FLAG_OBLIGATORIO,FLAG_REEMPLAZABLE,FLAG_CADUCA,FLAG_REQ_ESCANEO,ID_PRODUCTO_FK,COD_TIPO_PJ,DES_TIPO_PJ) values (1,19,'0','0','0','0',1,'03','CONSORCIO');
Insert into CONELE.TBL_CE_IBM_GUIA_DOCUMENT_CC (ID_OPERACION_FK,ID_DOCUMENTO_FK,FLAG_OBLIGATORIO,FLAG_REEMPLAZABLE,FLAG_CADUCA,FLAG_REQ_ESCANEO,ID_PRODUCTO_FK,COD_TIPO_PJ,DES_TIPO_PJ) values (1,20,'0','0','0','0',1,'03','CONSORCIO');
Insert into CONELE.TBL_CE_IBM_GUIA_DOCUMENT_CC (ID_OPERACION_FK,ID_DOCUMENTO_FK,FLAG_OBLIGATORIO,FLAG_REEMPLAZABLE,FLAG_CADUCA,FLAG_REQ_ESCANEO,ID_PRODUCTO_FK,COD_TIPO_PJ,DES_TIPO_PJ) values (2,20,'1','0','0','0',1,'03','CONSORCIO');
Insert into CONELE.TBL_CE_IBM_GUIA_DOCUMENT_CC (ID_OPERACION_FK,ID_DOCUMENTO_FK,FLAG_OBLIGATORIO,FLAG_REEMPLAZABLE,FLAG_CADUCA,FLAG_REQ_ESCANEO,ID_PRODUCTO_FK,COD_TIPO_PJ,DES_TIPO_PJ) values (5,20,'0','0','0','0',1,'03','CONSORCIO');
Insert into CONELE.TBL_CE_IBM_GUIA_DOCUMENT_CC (ID_OPERACION_FK,ID_DOCUMENTO_FK,FLAG_OBLIGATORIO,FLAG_REEMPLAZABLE,FLAG_CADUCA,FLAG_REQ_ESCANEO,ID_PRODUCTO_FK,COD_TIPO_PJ,DES_TIPO_PJ) values (1,14,'1','0','0','0',1,'04','PARTIDOS POLITICOS');
Insert into CONELE.TBL_CE_IBM_GUIA_DOCUMENT_CC (ID_OPERACION_FK,ID_DOCUMENTO_FK,FLAG_OBLIGATORIO,FLAG_REEMPLAZABLE,FLAG_CADUCA,FLAG_REQ_ESCANEO,ID_PRODUCTO_FK,COD_TIPO_PJ,DES_TIPO_PJ) values (2,14,'1','0','0','0',1,'04','PARTIDOS POLITICOS');
Insert into CONELE.TBL_CE_IBM_GUIA_DOCUMENT_CC (ID_OPERACION_FK,ID_DOCUMENTO_FK,FLAG_OBLIGATORIO,FLAG_REEMPLAZABLE,FLAG_CADUCA,FLAG_REQ_ESCANEO,ID_PRODUCTO_FK,COD_TIPO_PJ,DES_TIPO_PJ) values (5,14,'0','0','0','0',1,'04','PARTIDOS POLITICOS');
Insert into CONELE.TBL_CE_IBM_GUIA_DOCUMENT_CC (ID_OPERACION_FK,ID_DOCUMENTO_FK,FLAG_OBLIGATORIO,FLAG_REEMPLAZABLE,FLAG_CADUCA,FLAG_REQ_ESCANEO,ID_PRODUCTO_FK,COD_TIPO_PJ,DES_TIPO_PJ) values (1,19,'1','0','0','0',1,'04','PARTIDOS POLITICOS');
Insert into CONELE.TBL_CE_IBM_GUIA_DOCUMENT_CC (ID_OPERACION_FK,ID_DOCUMENTO_FK,FLAG_OBLIGATORIO,FLAG_REEMPLAZABLE,FLAG_CADUCA,FLAG_REQ_ESCANEO,ID_PRODUCTO_FK,COD_TIPO_PJ,DES_TIPO_PJ) values (2,19,'1','0','0','0',1,'04','PARTIDOS POLITICOS');
Insert into CONELE.TBL_CE_IBM_GUIA_DOCUMENT_CC (ID_OPERACION_FK,ID_DOCUMENTO_FK,FLAG_OBLIGATORIO,FLAG_REEMPLAZABLE,FLAG_CADUCA,FLAG_REQ_ESCANEO,ID_PRODUCTO_FK,COD_TIPO_PJ,DES_TIPO_PJ) values (1,21,'1','0','0','0',1,'04','PARTIDOS POLITICOS');
Insert into CONELE.TBL_CE_IBM_GUIA_DOCUMENT_CC (ID_OPERACION_FK,ID_DOCUMENTO_FK,FLAG_OBLIGATORIO,FLAG_REEMPLAZABLE,FLAG_CADUCA,FLAG_REQ_ESCANEO,ID_PRODUCTO_FK,COD_TIPO_PJ,DES_TIPO_PJ) values (2,21,'1','0','0','0',1,'04','PARTIDOS POLITICOS');
Insert into CONELE.TBL_CE_IBM_GUIA_DOCUMENT_CC (ID_OPERACION_FK,ID_DOCUMENTO_FK,FLAG_OBLIGATORIO,FLAG_REEMPLAZABLE,FLAG_CADUCA,FLAG_REQ_ESCANEO,ID_PRODUCTO_FK,COD_TIPO_PJ,DES_TIPO_PJ) values (5,21,'0','0','0','0',1,'04','PARTIDOS POLITICOS');
Insert into CONELE.TBL_CE_IBM_GUIA_DOCUMENT_CC (ID_OPERACION_FK,ID_DOCUMENTO_FK,FLAG_OBLIGATORIO,FLAG_REEMPLAZABLE,FLAG_CADUCA,FLAG_REQ_ESCANEO,ID_PRODUCTO_FK,COD_TIPO_PJ,DES_TIPO_PJ) values (1,22,'1','0','0','0',1,'04','PARTIDOS POLITICOS');
Insert into CONELE.TBL_CE_IBM_GUIA_DOCUMENT_CC (ID_OPERACION_FK,ID_DOCUMENTO_FK,FLAG_OBLIGATORIO,FLAG_REEMPLAZABLE,FLAG_CADUCA,FLAG_REQ_ESCANEO,ID_PRODUCTO_FK,COD_TIPO_PJ,DES_TIPO_PJ) values (2,22,'1','0','0','0',1,'04','PARTIDOS POLITICOS');
Insert into CONELE.TBL_CE_IBM_GUIA_DOCUMENT_CC (ID_OPERACION_FK,ID_DOCUMENTO_FK,FLAG_OBLIGATORIO,FLAG_REEMPLAZABLE,FLAG_CADUCA,FLAG_REQ_ESCANEO,ID_PRODUCTO_FK,COD_TIPO_PJ,DES_TIPO_PJ) values (5,22,'0','0','0','0',1,'04','PARTIDOS POLITICOS');
Insert into CONELE.TBL_CE_IBM_GUIA_DOCUMENT_CC (ID_OPERACION_FK,ID_DOCUMENTO_FK,FLAG_OBLIGATORIO,FLAG_REEMPLAZABLE,FLAG_CADUCA,FLAG_REQ_ESCANEO,ID_PRODUCTO_FK,COD_TIPO_PJ,DES_TIPO_PJ) values (1,23,'1','0','0','0',1,'04','PARTIDOS POLITICOS');
Insert into CONELE.TBL_CE_IBM_GUIA_DOCUMENT_CC (ID_OPERACION_FK,ID_DOCUMENTO_FK,FLAG_OBLIGATORIO,FLAG_REEMPLAZABLE,FLAG_CADUCA,FLAG_REQ_ESCANEO,ID_PRODUCTO_FK,COD_TIPO_PJ,DES_TIPO_PJ) values (2,23,'1','0','0','0',1,'04','PARTIDOS POLITICOS');
Insert into CONELE.TBL_CE_IBM_GUIA_DOCUMENT_CC (ID_OPERACION_FK,ID_DOCUMENTO_FK,FLAG_OBLIGATORIO,FLAG_REEMPLAZABLE,FLAG_CADUCA,FLAG_REQ_ESCANEO,ID_PRODUCTO_FK,COD_TIPO_PJ,DES_TIPO_PJ) values (5,23,'0','0','0','0',1,'04','PARTIDOS POLITICOS');
Insert into CONELE.TBL_CE_IBM_GUIA_DOCUMENT_CC (ID_OPERACION_FK,ID_DOCUMENTO_FK,FLAG_OBLIGATORIO,FLAG_REEMPLAZABLE,FLAG_CADUCA,FLAG_REQ_ESCANEO,ID_PRODUCTO_FK,COD_TIPO_PJ,DES_TIPO_PJ) values (1,14,'1','0','0','0',1,'05','COMUNIDADES CAMPESINAS');
Insert into CONELE.TBL_CE_IBM_GUIA_DOCUMENT_CC (ID_OPERACION_FK,ID_DOCUMENTO_FK,FLAG_OBLIGATORIO,FLAG_REEMPLAZABLE,FLAG_CADUCA,FLAG_REQ_ESCANEO,ID_PRODUCTO_FK,COD_TIPO_PJ,DES_TIPO_PJ) values (2,14,'1','0','0','0',1,'05','COMUNIDADES CAMPESINAS');
Insert into CONELE.TBL_CE_IBM_GUIA_DOCUMENT_CC (ID_OPERACION_FK,ID_DOCUMENTO_FK,FLAG_OBLIGATORIO,FLAG_REEMPLAZABLE,FLAG_CADUCA,FLAG_REQ_ESCANEO,ID_PRODUCTO_FK,COD_TIPO_PJ,DES_TIPO_PJ) values (5,14,'0','0','0','0',1,'05','COMUNIDADES CAMPESINAS');
Insert into CONELE.TBL_CE_IBM_GUIA_DOCUMENT_CC (ID_OPERACION_FK,ID_DOCUMENTO_FK,FLAG_OBLIGATORIO,FLAG_REEMPLAZABLE,FLAG_CADUCA,FLAG_REQ_ESCANEO,ID_PRODUCTO_FK,COD_TIPO_PJ,DES_TIPO_PJ) values (1,17,'0','0','0','0',1,'05','COMUNIDADES CAMPESINAS');
Insert into CONELE.TBL_CE_IBM_GUIA_DOCUMENT_CC (ID_OPERACION_FK,ID_DOCUMENTO_FK,FLAG_OBLIGATORIO,FLAG_REEMPLAZABLE,FLAG_CADUCA,FLAG_REQ_ESCANEO,ID_PRODUCTO_FK,COD_TIPO_PJ,DES_TIPO_PJ) values (5,17,'0','0','0','0',1,'05','COMUNIDADES CAMPESINAS');
Insert into CONELE.TBL_CE_IBM_GUIA_DOCUMENT_CC (ID_OPERACION_FK,ID_DOCUMENTO_FK,FLAG_OBLIGATORIO,FLAG_REEMPLAZABLE,FLAG_CADUCA,FLAG_REQ_ESCANEO,ID_PRODUCTO_FK,COD_TIPO_PJ,DES_TIPO_PJ) values (1,19,'1','0','0','0',1,'05','COMUNIDADES CAMPESINAS');
Insert into CONELE.TBL_CE_IBM_GUIA_DOCUMENT_CC (ID_OPERACION_FK,ID_DOCUMENTO_FK,FLAG_OBLIGATORIO,FLAG_REEMPLAZABLE,FLAG_CADUCA,FLAG_REQ_ESCANEO,ID_PRODUCTO_FK,COD_TIPO_PJ,DES_TIPO_PJ) values (2,19,'1','0','0','0',1,'05','COMUNIDADES CAMPESINAS');
Insert into CONELE.TBL_CE_IBM_GUIA_DOCUMENT_CC (ID_OPERACION_FK,ID_DOCUMENTO_FK,FLAG_OBLIGATORIO,FLAG_REEMPLAZABLE,FLAG_CADUCA,FLAG_REQ_ESCANEO,ID_PRODUCTO_FK,COD_TIPO_PJ,DES_TIPO_PJ) values (1,23,'1','0','0','0',1,'05','COMUNIDADES CAMPESINAS');
Insert into CONELE.TBL_CE_IBM_GUIA_DOCUMENT_CC (ID_OPERACION_FK,ID_DOCUMENTO_FK,FLAG_OBLIGATORIO,FLAG_REEMPLAZABLE,FLAG_CADUCA,FLAG_REQ_ESCANEO,ID_PRODUCTO_FK,COD_TIPO_PJ,DES_TIPO_PJ) values (5,23,'0','0','0','0',1,'05','COMUNIDADES CAMPESINAS');
Insert into CONELE.TBL_CE_IBM_GUIA_DOCUMENT_CC (ID_OPERACION_FK,ID_DOCUMENTO_FK,FLAG_OBLIGATORIO,FLAG_REEMPLAZABLE,FLAG_CADUCA,FLAG_REQ_ESCANEO,ID_PRODUCTO_FK,COD_TIPO_PJ,DES_TIPO_PJ) values (1,24,'1','0','0','0',1,'05','COMUNIDADES CAMPESINAS');
Insert into CONELE.TBL_CE_IBM_GUIA_DOCUMENT_CC (ID_OPERACION_FK,ID_DOCUMENTO_FK,FLAG_OBLIGATORIO,FLAG_REEMPLAZABLE,FLAG_CADUCA,FLAG_REQ_ESCANEO,ID_PRODUCTO_FK,COD_TIPO_PJ,DES_TIPO_PJ) values (5,24,'0','0','0','0',1,'05','COMUNIDADES CAMPESINAS');
Insert into CONELE.TBL_CE_IBM_GUIA_DOCUMENT_CC (ID_OPERACION_FK,ID_DOCUMENTO_FK,FLAG_OBLIGATORIO,FLAG_REEMPLAZABLE,FLAG_CADUCA,FLAG_REQ_ESCANEO,ID_PRODUCTO_FK,COD_TIPO_PJ,DES_TIPO_PJ) values (1,12,'0','0','0','0',1,'06','APAFA');
Insert into CONELE.TBL_CE_IBM_GUIA_DOCUMENT_CC (ID_OPERACION_FK,ID_DOCUMENTO_FK,FLAG_OBLIGATORIO,FLAG_REEMPLAZABLE,FLAG_CADUCA,FLAG_REQ_ESCANEO,ID_PRODUCTO_FK,COD_TIPO_PJ,DES_TIPO_PJ) values (5,12,'0','0','0','0',1,'06','APAFA');
Insert into CONELE.TBL_CE_IBM_GUIA_DOCUMENT_CC (ID_OPERACION_FK,ID_DOCUMENTO_FK,FLAG_OBLIGATORIO,FLAG_REEMPLAZABLE,FLAG_CADUCA,FLAG_REQ_ESCANEO,ID_PRODUCTO_FK,COD_TIPO_PJ,DES_TIPO_PJ) values (1,14,'1','0','0','0',1,'06','APAFA');
Insert into CONELE.TBL_CE_IBM_GUIA_DOCUMENT_CC (ID_OPERACION_FK,ID_DOCUMENTO_FK,FLAG_OBLIGATORIO,FLAG_REEMPLAZABLE,FLAG_CADUCA,FLAG_REQ_ESCANEO,ID_PRODUCTO_FK,COD_TIPO_PJ,DES_TIPO_PJ) values (2,14,'1','0','0','0',1,'06','APAFA');
Insert into CONELE.TBL_CE_IBM_GUIA_DOCUMENT_CC (ID_OPERACION_FK,ID_DOCUMENTO_FK,FLAG_OBLIGATORIO,FLAG_REEMPLAZABLE,FLAG_CADUCA,FLAG_REQ_ESCANEO,ID_PRODUCTO_FK,COD_TIPO_PJ,DES_TIPO_PJ) values (5,14,'0','0','0','1',1,'06','APAFA');
Insert into CONELE.TBL_CE_IBM_GUIA_DOCUMENT_CC (ID_OPERACION_FK,ID_DOCUMENTO_FK,FLAG_OBLIGATORIO,FLAG_REEMPLAZABLE,FLAG_CADUCA,FLAG_REQ_ESCANEO,ID_PRODUCTO_FK,COD_TIPO_PJ,DES_TIPO_PJ) values (1,19,'1','0','0','1',1,'06','APAFA');
Insert into CONELE.TBL_CE_IBM_GUIA_DOCUMENT_CC (ID_OPERACION_FK,ID_DOCUMENTO_FK,FLAG_OBLIGATORIO,FLAG_REEMPLAZABLE,FLAG_CADUCA,FLAG_REQ_ESCANEO,ID_PRODUCTO_FK,COD_TIPO_PJ,DES_TIPO_PJ) values (2,19,'1','0','0','0',1,'06','APAFA');
Insert into CONELE.TBL_CE_IBM_GUIA_DOCUMENT_CC (ID_OPERACION_FK,ID_DOCUMENTO_FK,FLAG_OBLIGATORIO,FLAG_REEMPLAZABLE,FLAG_CADUCA,FLAG_REQ_ESCANEO,ID_PRODUCTO_FK,COD_TIPO_PJ,DES_TIPO_PJ) values (1,23,'1','0','0','0',1,'06','APAFA');
Insert into CONELE.TBL_CE_IBM_GUIA_DOCUMENT_CC (ID_OPERACION_FK,ID_DOCUMENTO_FK,FLAG_OBLIGATORIO,FLAG_REEMPLAZABLE,FLAG_CADUCA,FLAG_REQ_ESCANEO,ID_PRODUCTO_FK,COD_TIPO_PJ,DES_TIPO_PJ) values (2,23,'1','0','0','0',1,'06','APAFA');
Insert into CONELE.TBL_CE_IBM_GUIA_DOCUMENT_CC (ID_OPERACION_FK,ID_DOCUMENTO_FK,FLAG_OBLIGATORIO,FLAG_REEMPLAZABLE,FLAG_CADUCA,FLAG_REQ_ESCANEO,ID_PRODUCTO_FK,COD_TIPO_PJ,DES_TIPO_PJ) values (5,23,'0','0','0','1',1,'06','APAFA');
Insert into CONELE.TBL_CE_IBM_GUIA_DOCUMENT_CC (ID_OPERACION_FK,ID_DOCUMENTO_FK,FLAG_OBLIGATORIO,FLAG_REEMPLAZABLE,FLAG_CADUCA,FLAG_REQ_ESCANEO,ID_PRODUCTO_FK,COD_TIPO_PJ,DES_TIPO_PJ) values (1,17,'1','0','0','0',1,'07','C.EDUCATIVOS PRIVADOS');
Insert into CONELE.TBL_CE_IBM_GUIA_DOCUMENT_CC (ID_OPERACION_FK,ID_DOCUMENTO_FK,FLAG_OBLIGATORIO,FLAG_REEMPLAZABLE,FLAG_CADUCA,FLAG_REQ_ESCANEO,ID_PRODUCTO_FK,COD_TIPO_PJ,DES_TIPO_PJ) values (5,17,'0','0','0','0',1,'07','C.EDUCATIVOS PRIVADOS');
Insert into CONELE.TBL_CE_IBM_GUIA_DOCUMENT_CC (ID_OPERACION_FK,ID_DOCUMENTO_FK,FLAG_OBLIGATORIO,FLAG_REEMPLAZABLE,FLAG_CADUCA,FLAG_REQ_ESCANEO,ID_PRODUCTO_FK,COD_TIPO_PJ,DES_TIPO_PJ) values (1,17,'1','0','0','0',1,'08','C.EDUCATIVOS ESTATALES');
Insert into CONELE.TBL_CE_IBM_GUIA_DOCUMENT_CC (ID_OPERACION_FK,ID_DOCUMENTO_FK,FLAG_OBLIGATORIO,FLAG_REEMPLAZABLE,FLAG_CADUCA,FLAG_REQ_ESCANEO,ID_PRODUCTO_FK,COD_TIPO_PJ,DES_TIPO_PJ) values (5,17,'0','0','0','0',1,'08','C.EDUCATIVOS ESTATALES');
Insert into CONELE.TBL_CE_IBM_GUIA_DOCUMENT_CC (ID_OPERACION_FK,ID_DOCUMENTO_FK,FLAG_OBLIGATORIO,FLAG_REEMPLAZABLE,FLAG_CADUCA,FLAG_REQ_ESCANEO,ID_PRODUCTO_FK,COD_TIPO_PJ,DES_TIPO_PJ) values (2,19,'1','0','0','0',1,'08','C.EDUCATIVOS ESTATALES');
Insert into CONELE.TBL_CE_IBM_GUIA_DOCUMENT_CC (ID_OPERACION_FK,ID_DOCUMENTO_FK,FLAG_OBLIGATORIO,FLAG_REEMPLAZABLE,FLAG_CADUCA,FLAG_REQ_ESCANEO,ID_PRODUCTO_FK,COD_TIPO_PJ,DES_TIPO_PJ) values (1,25,'1','0','0','0',1,'08','C.EDUCATIVOS ESTATALES');
Insert into CONELE.TBL_CE_IBM_GUIA_DOCUMENT_CC (ID_OPERACION_FK,ID_DOCUMENTO_FK,FLAG_OBLIGATORIO,FLAG_REEMPLAZABLE,FLAG_CADUCA,FLAG_REQ_ESCANEO,ID_PRODUCTO_FK,COD_TIPO_PJ,DES_TIPO_PJ) values (2,25,'1','0','0','0',1,'08','C.EDUCATIVOS ESTATALES');
Insert into CONELE.TBL_CE_IBM_GUIA_DOCUMENT_CC (ID_OPERACION_FK,ID_DOCUMENTO_FK,FLAG_OBLIGATORIO,FLAG_REEMPLAZABLE,FLAG_CADUCA,FLAG_REQ_ESCANEO,ID_PRODUCTO_FK,COD_TIPO_PJ,DES_TIPO_PJ) values (5,25,'0','0','0','0',1,'08','C.EDUCATIVOS ESTATALES');
Insert into CONELE.TBL_CE_IBM_GUIA_DOCUMENT_CC (ID_OPERACION_FK,ID_DOCUMENTO_FK,FLAG_OBLIGATORIO,FLAG_REEMPLAZABLE,FLAG_CADUCA,FLAG_REQ_ESCANEO,ID_PRODUCTO_FK,COD_TIPO_PJ,DES_TIPO_PJ) values (1,14,'1','0','0','0',1,'10','ASOCIACIONES NO INSCRITAS');
Insert into CONELE.TBL_CE_IBM_GUIA_DOCUMENT_CC (ID_OPERACION_FK,ID_DOCUMENTO_FK,FLAG_OBLIGATORIO,FLAG_REEMPLAZABLE,FLAG_CADUCA,FLAG_REQ_ESCANEO,ID_PRODUCTO_FK,COD_TIPO_PJ,DES_TIPO_PJ) values (5,14,'0','0','0','0',1,'10','ASOCIACIONES NO INSCRITAS');
Insert into CONELE.TBL_CE_IBM_GUIA_DOCUMENT_CC (ID_OPERACION_FK,ID_DOCUMENTO_FK,FLAG_OBLIGATORIO,FLAG_REEMPLAZABLE,FLAG_CADUCA,FLAG_REQ_ESCANEO,ID_PRODUCTO_FK,COD_TIPO_PJ,DES_TIPO_PJ) values (1,19,'1','0','0','0',1,'10','ASOCIACIONES NO INSCRITAS');
Insert into CONELE.TBL_CE_IBM_GUIA_DOCUMENT_CC (ID_OPERACION_FK,ID_DOCUMENTO_FK,FLAG_OBLIGATORIO,FLAG_REEMPLAZABLE,FLAG_CADUCA,FLAG_REQ_ESCANEO,ID_PRODUCTO_FK,COD_TIPO_PJ,DES_TIPO_PJ) values (1,23,'1','0','0','0',1,'10','ASOCIACIONES NO INSCRITAS');
Insert into CONELE.TBL_CE_IBM_GUIA_DOCUMENT_CC (ID_OPERACION_FK,ID_DOCUMENTO_FK,FLAG_OBLIGATORIO,FLAG_REEMPLAZABLE,FLAG_CADUCA,FLAG_REQ_ESCANEO,ID_PRODUCTO_FK,COD_TIPO_PJ,DES_TIPO_PJ) values (5,23,'0','0','0','0',1,'10','ASOCIACIONES NO INSCRITAS');
Insert into CONELE.TBL_CE_IBM_GUIA_DOCUMENT_CC (ID_OPERACION_FK,ID_DOCUMENTO_FK,FLAG_OBLIGATORIO,FLAG_REEMPLAZABLE,FLAG_CADUCA,FLAG_REQ_ESCANEO,ID_PRODUCTO_FK,COD_TIPO_PJ,DES_TIPO_PJ) values (1,12,'1','0','0','0',1,'12','JUNTA DE PROPIETARIOS');
Insert into CONELE.TBL_CE_IBM_GUIA_DOCUMENT_CC (ID_OPERACION_FK,ID_DOCUMENTO_FK,FLAG_OBLIGATORIO,FLAG_REEMPLAZABLE,FLAG_CADUCA,FLAG_REQ_ESCANEO,ID_PRODUCTO_FK,COD_TIPO_PJ,DES_TIPO_PJ) values (5,12,'0','0','0','1',1,'12','JUNTA DE PROPIETARIOS');
Insert into CONELE.TBL_CE_IBM_GUIA_DOCUMENT_CC (ID_OPERACION_FK,ID_DOCUMENTO_FK,FLAG_OBLIGATORIO,FLAG_REEMPLAZABLE,FLAG_CADUCA,FLAG_REQ_ESCANEO,ID_PRODUCTO_FK,COD_TIPO_PJ,DES_TIPO_PJ) values (1,19,'1','0','0','0',1,'12','JUNTA DE PROPIETARIOS');
Insert into CONELE.TBL_CE_IBM_GUIA_DOCUMENT_CC (ID_OPERACION_FK,ID_DOCUMENTO_FK,FLAG_OBLIGATORIO,FLAG_REEMPLAZABLE,FLAG_CADUCA,FLAG_REQ_ESCANEO,ID_PRODUCTO_FK,COD_TIPO_PJ,DES_TIPO_PJ) values (2,25,'1','0','0','0',1,'12','JUNTA DE PROPIETARIOS');
Insert into CONELE.TBL_CE_IBM_GUIA_DOCUMENT_CC (ID_OPERACION_FK,ID_DOCUMENTO_FK,FLAG_OBLIGATORIO,FLAG_REEMPLAZABLE,FLAG_CADUCA,FLAG_REQ_ESCANEO,ID_PRODUCTO_FK,COD_TIPO_PJ,DES_TIPO_PJ) values (5,25,'0','0','0','0',1,'12','JUNTA DE PROPIETARIOS');
Insert into CONELE.TBL_CE_IBM_GUIA_DOCUMENT_CC (ID_OPERACION_FK,ID_DOCUMENTO_FK,FLAG_OBLIGATORIO,FLAG_REEMPLAZABLE,FLAG_CADUCA,FLAG_REQ_ESCANEO,ID_PRODUCTO_FK,COD_TIPO_PJ,DES_TIPO_PJ) values (2,14,'0','0','0','0',1,'14','PJ NO DOMICILIADAS');
Insert into CONELE.TBL_CE_IBM_GUIA_DOCUMENT_CC (ID_OPERACION_FK,ID_DOCUMENTO_FK,FLAG_OBLIGATORIO,FLAG_REEMPLAZABLE,FLAG_CADUCA,FLAG_REQ_ESCANEO,ID_PRODUCTO_FK,COD_TIPO_PJ,DES_TIPO_PJ) values (5,14,'0','0','0','0',1,'14','PJ NO DOMICILIADAS');
Insert into CONELE.TBL_CE_IBM_GUIA_DOCUMENT_CC (ID_OPERACION_FK,ID_DOCUMENTO_FK,FLAG_OBLIGATORIO,FLAG_REEMPLAZABLE,FLAG_CADUCA,FLAG_REQ_ESCANEO,ID_PRODUCTO_FK,COD_TIPO_PJ,DES_TIPO_PJ) values (1,19,'1','0','0','1',1,'14','PJ NO DOMICILIADAS');
Insert into CONELE.TBL_CE_IBM_GUIA_DOCUMENT_CC (ID_OPERACION_FK,ID_DOCUMENTO_FK,FLAG_OBLIGATORIO,FLAG_REEMPLAZABLE,FLAG_CADUCA,FLAG_REQ_ESCANEO,ID_PRODUCTO_FK,COD_TIPO_PJ,DES_TIPO_PJ) values (2,19,'0','0','0','1',1,'14','PJ NO DOMICILIADAS');
Insert into CONELE.TBL_CE_IBM_GUIA_DOCUMENT_CC (ID_OPERACION_FK,ID_DOCUMENTO_FK,FLAG_OBLIGATORIO,FLAG_REEMPLAZABLE,FLAG_CADUCA,FLAG_REQ_ESCANEO,ID_PRODUCTO_FK,COD_TIPO_PJ,DES_TIPO_PJ) values (1,23,'1','0','0','1',1,'14','PJ NO DOMICILIADAS');
Insert into CONELE.TBL_CE_IBM_GUIA_DOCUMENT_CC (ID_OPERACION_FK,ID_DOCUMENTO_FK,FLAG_OBLIGATORIO,FLAG_REEMPLAZABLE,FLAG_CADUCA,FLAG_REQ_ESCANEO,ID_PRODUCTO_FK,COD_TIPO_PJ,DES_TIPO_PJ) values (2,23,'0','0','0','1',1,'14','PJ NO DOMICILIADAS');
Insert into CONELE.TBL_CE_IBM_GUIA_DOCUMENT_CC (ID_OPERACION_FK,ID_DOCUMENTO_FK,FLAG_OBLIGATORIO,FLAG_REEMPLAZABLE,FLAG_CADUCA,FLAG_REQ_ESCANEO,ID_PRODUCTO_FK,COD_TIPO_PJ,DES_TIPO_PJ) values (5,23,'0','0','0','0',1,'14','PJ NO DOMICILIADAS');
Insert into CONELE.TBL_CE_IBM_GUIA_DOCUMENT_CC (ID_OPERACION_FK,ID_DOCUMENTO_FK,FLAG_OBLIGATORIO,FLAG_REEMPLAZABLE,FLAG_CADUCA,FLAG_REQ_ESCANEO,ID_PRODUCTO_FK,COD_TIPO_PJ,DES_TIPO_PJ) values (4,2,'1','0','0','0',1,'02','PUBLICO');
Insert into CONELE.TBL_CE_IBM_GUIA_DOCUMENT_CC (ID_OPERACION_FK,ID_DOCUMENTO_FK,FLAG_OBLIGATORIO,FLAG_REEMPLAZABLE,FLAG_CADUCA,FLAG_REQ_ESCANEO,ID_PRODUCTO_FK,COD_TIPO_PJ,DES_TIPO_PJ) values (4,2,'1','0','0','0',1,'03','CONSORCIO');
Insert into CONELE.TBL_CE_IBM_GUIA_DOCUMENT_CC (ID_OPERACION_FK,ID_DOCUMENTO_FK,FLAG_OBLIGATORIO,FLAG_REEMPLAZABLE,FLAG_CADUCA,FLAG_REQ_ESCANEO,ID_PRODUCTO_FK,COD_TIPO_PJ,DES_TIPO_PJ) values (4,2,'1','0','0','0',1,'04','PARTIDOS POLITICOS');
Insert into CONELE.TBL_CE_IBM_GUIA_DOCUMENT_CC (ID_OPERACION_FK,ID_DOCUMENTO_FK,FLAG_OBLIGATORIO,FLAG_REEMPLAZABLE,FLAG_CADUCA,FLAG_REQ_ESCANEO,ID_PRODUCTO_FK,COD_TIPO_PJ,DES_TIPO_PJ) values (4,2,'1','0','0','0',1,'05','COMUNIDADES CAMPESINAS');
Insert into CONELE.TBL_CE_IBM_GUIA_DOCUMENT_CC (ID_OPERACION_FK,ID_DOCUMENTO_FK,FLAG_OBLIGATORIO,FLAG_REEMPLAZABLE,FLAG_CADUCA,FLAG_REQ_ESCANEO,ID_PRODUCTO_FK,COD_TIPO_PJ,DES_TIPO_PJ) values (4,2,'1','0','0','0',1,'06','APAFA');
Insert into CONELE.TBL_CE_IBM_GUIA_DOCUMENT_CC (ID_OPERACION_FK,ID_DOCUMENTO_FK,FLAG_OBLIGATORIO,FLAG_REEMPLAZABLE,FLAG_CADUCA,FLAG_REQ_ESCANEO,ID_PRODUCTO_FK,COD_TIPO_PJ,DES_TIPO_PJ) values (4,2,'1','0','0','0',1,'07','C.EDUCATIVOS PRIVADOS');
Insert into CONELE.TBL_CE_IBM_GUIA_DOCUMENT_CC (ID_OPERACION_FK,ID_DOCUMENTO_FK,FLAG_OBLIGATORIO,FLAG_REEMPLAZABLE,FLAG_CADUCA,FLAG_REQ_ESCANEO,ID_PRODUCTO_FK,COD_TIPO_PJ,DES_TIPO_PJ) values (4,2,'1','0','0','0',1,'08','C.EDUCATIVOS ESTATALES');
Insert into CONELE.TBL_CE_IBM_GUIA_DOCUMENT_CC (ID_OPERACION_FK,ID_DOCUMENTO_FK,FLAG_OBLIGATORIO,FLAG_REEMPLAZABLE,FLAG_CADUCA,FLAG_REQ_ESCANEO,ID_PRODUCTO_FK,COD_TIPO_PJ,DES_TIPO_PJ) values (4,2,'1','0','0','0',1,'09','NUCLEOS EJECUTORES');
Insert into CONELE.TBL_CE_IBM_GUIA_DOCUMENT_CC (ID_OPERACION_FK,ID_DOCUMENTO_FK,FLAG_OBLIGATORIO,FLAG_REEMPLAZABLE,FLAG_CADUCA,FLAG_REQ_ESCANEO,ID_PRODUCTO_FK,COD_TIPO_PJ,DES_TIPO_PJ) values (4,2,'1','0','0','0',1,'10','ASOCIACIONES NO INSCRITAS');
Insert into CONELE.TBL_CE_IBM_GUIA_DOCUMENT_CC (ID_OPERACION_FK,ID_DOCUMENTO_FK,FLAG_OBLIGATORIO,FLAG_REEMPLAZABLE,FLAG_CADUCA,FLAG_REQ_ESCANEO,ID_PRODUCTO_FK,COD_TIPO_PJ,DES_TIPO_PJ) values (4,2,'1','0','0','0',1,'11','ARZOBISPAL');
Insert into CONELE.TBL_CE_IBM_GUIA_DOCUMENT_CC (ID_OPERACION_FK,ID_DOCUMENTO_FK,FLAG_OBLIGATORIO,FLAG_REEMPLAZABLE,FLAG_CADUCA,FLAG_REQ_ESCANEO,ID_PRODUCTO_FK,COD_TIPO_PJ,DES_TIPO_PJ) values (4,2,'1','0','0','0',1,'12','JUNTA DE PROPIETARIOS');
Insert into CONELE.TBL_CE_IBM_GUIA_DOCUMENT_CC (ID_OPERACION_FK,ID_DOCUMENTO_FK,FLAG_OBLIGATORIO,FLAG_REEMPLAZABLE,FLAG_CADUCA,FLAG_REQ_ESCANEO,ID_PRODUCTO_FK,COD_TIPO_PJ,DES_TIPO_PJ) values (4,2,'1','0','0','0',1,'13','CLAS');
Insert into CONELE.TBL_CE_IBM_GUIA_DOCUMENT_CC (ID_OPERACION_FK,ID_DOCUMENTO_FK,FLAG_OBLIGATORIO,FLAG_REEMPLAZABLE,FLAG_CADUCA,FLAG_REQ_ESCANEO,ID_PRODUCTO_FK,COD_TIPO_PJ,DES_TIPO_PJ) values (4,2,'1','0','0','0',1,'14','PJ NO DOMICILIADAS');
Insert into CONELE.TBL_CE_IBM_GUIA_DOCUMENT_CC (ID_OPERACION_FK,ID_DOCUMENTO_FK,FLAG_OBLIGATORIO,FLAG_REEMPLAZABLE,FLAG_CADUCA,FLAG_REQ_ESCANEO,ID_PRODUCTO_FK,COD_TIPO_PJ,DES_TIPO_PJ) values (4,2,'1','0','0','0',1,'15','EMBAJADAS');
Insert into CONELE.TBL_CE_IBM_GUIA_DOCUMENT_CC (ID_OPERACION_FK,ID_DOCUMENTO_FK,FLAG_OBLIGATORIO,FLAG_REEMPLAZABLE,FLAG_CADUCA,FLAG_REQ_ESCANEO,ID_PRODUCTO_FK,COD_TIPO_PJ,DES_TIPO_PJ) values (4,2,'1','0','0','0',1,'16','MUNICIPALIDADES');
Insert into CONELE.TBL_CE_IBM_GUIA_DOCUMENT_CC (ID_OPERACION_FK,ID_DOCUMENTO_FK,FLAG_OBLIGATORIO,FLAG_REEMPLAZABLE,FLAG_CADUCA,FLAG_REQ_ESCANEO,ID_PRODUCTO_FK,COD_TIPO_PJ,DES_TIPO_PJ) values (4,2,'1','0','0','0',1,'17','CONTRATOS COLABORACION EMP.');
Insert into CONELE.TBL_CE_IBM_GUIA_DOCUMENT_CC (ID_OPERACION_FK,ID_DOCUMENTO_FK,FLAG_OBLIGATORIO,FLAG_REEMPLAZABLE,FLAG_CADUCA,FLAG_REQ_ESCANEO,ID_PRODUCTO_FK,COD_TIPO_PJ,DES_TIPO_PJ) values (4,2,'1','0','0','0',1,'18','SUCESIONES INTESTADAS');
Insert into CONELE.TBL_CE_IBM_GUIA_DOCUMENT_CC (ID_OPERACION_FK,ID_DOCUMENTO_FK,FLAG_OBLIGATORIO,FLAG_REEMPLAZABLE,FLAG_CADUCA,FLAG_REQ_ESCANEO,ID_PRODUCTO_FK,COD_TIPO_PJ,DES_TIPO_PJ) values (4,2,'1','0','0','0',1,'19','COOPERATIVAS');
Insert into CONELE.TBL_CE_IBM_GUIA_DOCUMENT_CC (ID_OPERACION_FK,ID_DOCUMENTO_FK,FLAG_OBLIGATORIO,FLAG_REEMPLAZABLE,FLAG_CADUCA,FLAG_REQ_ESCANEO,ID_PRODUCTO_FK,COD_TIPO_PJ,DES_TIPO_PJ) values (4,2,'1','0','0','0',1,'20','SUCURSALES');
Insert into CONELE.TBL_CE_IBM_GUIA_DOCUMENT_CC (ID_OPERACION_FK,ID_DOCUMENTO_FK,FLAG_OBLIGATORIO,FLAG_REEMPLAZABLE,FLAG_CADUCA,FLAG_REQ_ESCANEO,ID_PRODUCTO_FK,COD_TIPO_PJ,DES_TIPO_PJ) values (4,2,'1','0','0','0',1,'21','SINDICATOS');
Insert into CONELE.TBL_CE_IBM_GUIA_DOCUMENT_CC (ID_OPERACION_FK,ID_DOCUMENTO_FK,FLAG_OBLIGATORIO,FLAG_REEMPLAZABLE,FLAG_CADUCA,FLAG_REQ_ESCANEO,ID_PRODUCTO_FK,COD_TIPO_PJ,DES_TIPO_PJ) values (4,2,'1','0','0','0',1,'22','COMITES DE GESTION');
Insert into CONELE.TBL_CE_IBM_GUIA_DOCUMENT_CC (ID_OPERACION_FK,ID_DOCUMENTO_FK,FLAG_OBLIGATORIO,FLAG_REEMPLAZABLE,FLAG_CADUCA,FLAG_REQ_ESCANEO,ID_PRODUCTO_FK,COD_TIPO_PJ,DES_TIPO_PJ) values (4,2,'1','0','0','0',1,'23','COLEGIOS PROFESIONALES');
Insert into CONELE.TBL_CE_IBM_GUIA_DOCUMENT_CC (ID_OPERACION_FK,ID_DOCUMENTO_FK,FLAG_OBLIGATORIO,FLAG_REEMPLAZABLE,FLAG_CADUCA,FLAG_REQ_ESCANEO,ID_PRODUCTO_FK,COD_TIPO_PJ,DES_TIPO_PJ) values (4,2,'1','0','0','0',1,'24','UNIVERSIDADES');
Insert into CONELE.TBL_CE_IBM_GUIA_DOCUMENT_CC (ID_OPERACION_FK,ID_DOCUMENTO_FK,FLAG_OBLIGATORIO,FLAG_REEMPLAZABLE,FLAG_CADUCA,FLAG_REQ_ESCANEO,ID_PRODUCTO_FK,COD_TIPO_PJ,DES_TIPO_PJ) values (4,2,'1','0','0','0',1,'25','FIDEICOMISOS');
Insert into CONELE.TBL_CE_IBM_GUIA_DOCUMENT_CC (ID_OPERACION_FK,ID_DOCUMENTO_FK,FLAG_OBLIGATORIO,FLAG_REEMPLAZABLE,FLAG_CADUCA,FLAG_REQ_ESCANEO,ID_PRODUCTO_FK,COD_TIPO_PJ,DES_TIPO_PJ) values (4,3,'1','0','0','0',1,'02','PUBLICO');
Insert into CONELE.TBL_CE_IBM_GUIA_DOCUMENT_CC (ID_OPERACION_FK,ID_DOCUMENTO_FK,FLAG_OBLIGATORIO,FLAG_REEMPLAZABLE,FLAG_CADUCA,FLAG_REQ_ESCANEO,ID_PRODUCTO_FK,COD_TIPO_PJ,DES_TIPO_PJ) values (4,3,'1','0','0','0',1,'03','CONSORCIO');
Insert into CONELE.TBL_CE_IBM_GUIA_DOCUMENT_CC (ID_OPERACION_FK,ID_DOCUMENTO_FK,FLAG_OBLIGATORIO,FLAG_REEMPLAZABLE,FLAG_CADUCA,FLAG_REQ_ESCANEO,ID_PRODUCTO_FK,COD_TIPO_PJ,DES_TIPO_PJ) values (4,3,'1','0','0','0',1,'04','PARTIDOS POLITICOS');
Insert into CONELE.TBL_CE_IBM_GUIA_DOCUMENT_CC (ID_OPERACION_FK,ID_DOCUMENTO_FK,FLAG_OBLIGATORIO,FLAG_REEMPLAZABLE,FLAG_CADUCA,FLAG_REQ_ESCANEO,ID_PRODUCTO_FK,COD_TIPO_PJ,DES_TIPO_PJ) values (4,3,'1','0','0','0',1,'05','COMUNIDADES CAMPESINAS');
Insert into CONELE.TBL_CE_IBM_GUIA_DOCUMENT_CC (ID_OPERACION_FK,ID_DOCUMENTO_FK,FLAG_OBLIGATORIO,FLAG_REEMPLAZABLE,FLAG_CADUCA,FLAG_REQ_ESCANEO,ID_PRODUCTO_FK,COD_TIPO_PJ,DES_TIPO_PJ) values (4,3,'1','0','0','0',1,'06','APAFA');
Insert into CONELE.TBL_CE_IBM_GUIA_DOCUMENT_CC (ID_OPERACION_FK,ID_DOCUMENTO_FK,FLAG_OBLIGATORIO,FLAG_REEMPLAZABLE,FLAG_CADUCA,FLAG_REQ_ESCANEO,ID_PRODUCTO_FK,COD_TIPO_PJ,DES_TIPO_PJ) values (4,3,'1','0','0','0',1,'07','C.EDUCATIVOS PRIVADOS');
Insert into CONELE.TBL_CE_IBM_GUIA_DOCUMENT_CC (ID_OPERACION_FK,ID_DOCUMENTO_FK,FLAG_OBLIGATORIO,FLAG_REEMPLAZABLE,FLAG_CADUCA,FLAG_REQ_ESCANEO,ID_PRODUCTO_FK,COD_TIPO_PJ,DES_TIPO_PJ) values (4,3,'1','0','0','0',1,'08','C.EDUCATIVOS ESTATALES');
Insert into CONELE.TBL_CE_IBM_GUIA_DOCUMENT_CC (ID_OPERACION_FK,ID_DOCUMENTO_FK,FLAG_OBLIGATORIO,FLAG_REEMPLAZABLE,FLAG_CADUCA,FLAG_REQ_ESCANEO,ID_PRODUCTO_FK,COD_TIPO_PJ,DES_TIPO_PJ) values (4,3,'1','0','0','0',1,'09','NUCLEOS EJECUTORES');
Insert into CONELE.TBL_CE_IBM_GUIA_DOCUMENT_CC (ID_OPERACION_FK,ID_DOCUMENTO_FK,FLAG_OBLIGATORIO,FLAG_REEMPLAZABLE,FLAG_CADUCA,FLAG_REQ_ESCANEO,ID_PRODUCTO_FK,COD_TIPO_PJ,DES_TIPO_PJ) values (4,3,'1','0','0','0',1,'10','ASOCIACIONES NO INSCRITAS');
Insert into CONELE.TBL_CE_IBM_GUIA_DOCUMENT_CC (ID_OPERACION_FK,ID_DOCUMENTO_FK,FLAG_OBLIGATORIO,FLAG_REEMPLAZABLE,FLAG_CADUCA,FLAG_REQ_ESCANEO,ID_PRODUCTO_FK,COD_TIPO_PJ,DES_TIPO_PJ) values (4,3,'1','0','0','1',1,'11','ARZOBISPAL');
Insert into CONELE.TBL_CE_IBM_GUIA_DOCUMENT_CC (ID_OPERACION_FK,ID_DOCUMENTO_FK,FLAG_OBLIGATORIO,FLAG_REEMPLAZABLE,FLAG_CADUCA,FLAG_REQ_ESCANEO,ID_PRODUCTO_FK,COD_TIPO_PJ,DES_TIPO_PJ) values (4,3,'1','0','0','0',1,'12','JUNTA DE PROPIETARIOS');
Insert into CONELE.TBL_CE_IBM_GUIA_DOCUMENT_CC (ID_OPERACION_FK,ID_DOCUMENTO_FK,FLAG_OBLIGATORIO,FLAG_REEMPLAZABLE,FLAG_CADUCA,FLAG_REQ_ESCANEO,ID_PRODUCTO_FK,COD_TIPO_PJ,DES_TIPO_PJ) values (4,3,'1','0','0','0',1,'13','CLAS');
Insert into CONELE.TBL_CE_IBM_GUIA_DOCUMENT_CC (ID_OPERACION_FK,ID_DOCUMENTO_FK,FLAG_OBLIGATORIO,FLAG_REEMPLAZABLE,FLAG_CADUCA,FLAG_REQ_ESCANEO,ID_PRODUCTO_FK,COD_TIPO_PJ,DES_TIPO_PJ) values (4,3,'1','0','0','0',1,'14','PJ NO DOMICILIADAS');
Insert into CONELE.TBL_CE_IBM_GUIA_DOCUMENT_CC (ID_OPERACION_FK,ID_DOCUMENTO_FK,FLAG_OBLIGATORIO,FLAG_REEMPLAZABLE,FLAG_CADUCA,FLAG_REQ_ESCANEO,ID_PRODUCTO_FK,COD_TIPO_PJ,DES_TIPO_PJ) values (4,3,'1','0','0','0',1,'15','EMBAJADAS');
Insert into CONELE.TBL_CE_IBM_GUIA_DOCUMENT_CC (ID_OPERACION_FK,ID_DOCUMENTO_FK,FLAG_OBLIGATORIO,FLAG_REEMPLAZABLE,FLAG_CADUCA,FLAG_REQ_ESCANEO,ID_PRODUCTO_FK,COD_TIPO_PJ,DES_TIPO_PJ) values (4,3,'1','0','0','0',1,'16','MUNICIPALIDADES');
Insert into CONELE.TBL_CE_IBM_GUIA_DOCUMENT_CC (ID_OPERACION_FK,ID_DOCUMENTO_FK,FLAG_OBLIGATORIO,FLAG_REEMPLAZABLE,FLAG_CADUCA,FLAG_REQ_ESCANEO,ID_PRODUCTO_FK,COD_TIPO_PJ,DES_TIPO_PJ) values (4,3,'1','0','0','0',1,'17','CONTRATOS COLABORACION EMP.');
Insert into CONELE.TBL_CE_IBM_GUIA_DOCUMENT_CC (ID_OPERACION_FK,ID_DOCUMENTO_FK,FLAG_OBLIGATORIO,FLAG_REEMPLAZABLE,FLAG_CADUCA,FLAG_REQ_ESCANEO,ID_PRODUCTO_FK,COD_TIPO_PJ,DES_TIPO_PJ) values (4,3,'1','0','0','0',1,'18','SUCESIONES INTESTADAS');
Insert into CONELE.TBL_CE_IBM_GUIA_DOCUMENT_CC (ID_OPERACION_FK,ID_DOCUMENTO_FK,FLAG_OBLIGATORIO,FLAG_REEMPLAZABLE,FLAG_CADUCA,FLAG_REQ_ESCANEO,ID_PRODUCTO_FK,COD_TIPO_PJ,DES_TIPO_PJ) values (4,3,'1','0','0','0',1,'19','COOPERATIVAS');
Insert into CONELE.TBL_CE_IBM_GUIA_DOCUMENT_CC (ID_OPERACION_FK,ID_DOCUMENTO_FK,FLAG_OBLIGATORIO,FLAG_REEMPLAZABLE,FLAG_CADUCA,FLAG_REQ_ESCANEO,ID_PRODUCTO_FK,COD_TIPO_PJ,DES_TIPO_PJ) values (4,3,'1','0','0','0',1,'20','SUCURSALES');
Insert into CONELE.TBL_CE_IBM_GUIA_DOCUMENT_CC (ID_OPERACION_FK,ID_DOCUMENTO_FK,FLAG_OBLIGATORIO,FLAG_REEMPLAZABLE,FLAG_CADUCA,FLAG_REQ_ESCANEO,ID_PRODUCTO_FK,COD_TIPO_PJ,DES_TIPO_PJ) values (4,3,'1','0','0','0',1,'21','SINDICATOS');
Insert into CONELE.TBL_CE_IBM_GUIA_DOCUMENT_CC (ID_OPERACION_FK,ID_DOCUMENTO_FK,FLAG_OBLIGATORIO,FLAG_REEMPLAZABLE,FLAG_CADUCA,FLAG_REQ_ESCANEO,ID_PRODUCTO_FK,COD_TIPO_PJ,DES_TIPO_PJ) values (4,3,'1','0','0','0',1,'22','COMITES DE GESTION');
Insert into CONELE.TBL_CE_IBM_GUIA_DOCUMENT_CC (ID_OPERACION_FK,ID_DOCUMENTO_FK,FLAG_OBLIGATORIO,FLAG_REEMPLAZABLE,FLAG_CADUCA,FLAG_REQ_ESCANEO,ID_PRODUCTO_FK,COD_TIPO_PJ,DES_TIPO_PJ) values (4,3,'1','0','0','0',1,'23','COLEGIOS PROFESIONALES');
Insert into CONELE.TBL_CE_IBM_GUIA_DOCUMENT_CC (ID_OPERACION_FK,ID_DOCUMENTO_FK,FLAG_OBLIGATORIO,FLAG_REEMPLAZABLE,FLAG_CADUCA,FLAG_REQ_ESCANEO,ID_PRODUCTO_FK,COD_TIPO_PJ,DES_TIPO_PJ) values (4,3,'1','0','0','0',1,'24','UNIVERSIDADES');
Insert into CONELE.TBL_CE_IBM_GUIA_DOCUMENT_CC (ID_OPERACION_FK,ID_DOCUMENTO_FK,FLAG_OBLIGATORIO,FLAG_REEMPLAZABLE,FLAG_CADUCA,FLAG_REQ_ESCANEO,ID_PRODUCTO_FK,COD_TIPO_PJ,DES_TIPO_PJ) values (4,3,'1','0','0','0',1,'25','FIDEICOMISOS');
Insert into CONELE.TBL_CE_IBM_GUIA_DOCUMENT_CC (ID_OPERACION_FK,ID_DOCUMENTO_FK,FLAG_OBLIGATORIO,FLAG_REEMPLAZABLE,FLAG_CADUCA,FLAG_REQ_ESCANEO,ID_PRODUCTO_FK,COD_TIPO_PJ,DES_TIPO_PJ) values (2,10,'0','0','0','0',1,'01','SAC/SAA/SRL/EIRL/ASOC INSCRITA');
Insert into CONELE.TBL_CE_IBM_GUIA_DOCUMENT_CC (ID_OPERACION_FK,ID_DOCUMENTO_FK,FLAG_OBLIGATORIO,FLAG_REEMPLAZABLE,FLAG_CADUCA,FLAG_REQ_ESCANEO,ID_PRODUCTO_FK,COD_TIPO_PJ,DES_TIPO_PJ) values (1,3,'1','0','0','0',1,'12','JUNTA DE PROPIETARIOS');
Insert into CONELE.TBL_CE_IBM_GUIA_DOCUMENT_CC (ID_OPERACION_FK,ID_DOCUMENTO_FK,FLAG_OBLIGATORIO,FLAG_REEMPLAZABLE,FLAG_CADUCA,FLAG_REQ_ESCANEO,ID_PRODUCTO_FK,COD_TIPO_PJ,DES_TIPO_PJ) values (2,2,'0','0','0','0',1,'12','JUNTA DE PROPIETARIOS');
Insert into CONELE.TBL_CE_IBM_GUIA_DOCUMENT_CC (ID_OPERACION_FK,ID_DOCUMENTO_FK,FLAG_OBLIGATORIO,FLAG_REEMPLAZABLE,FLAG_CADUCA,FLAG_REQ_ESCANEO,ID_PRODUCTO_FK,COD_TIPO_PJ,DES_TIPO_PJ) values (2,12,'0','0','0','1',1,'12','JUNTA DE PROPIETARIOS');
Insert into CONELE.TBL_CE_IBM_GUIA_DOCUMENT_CC (ID_OPERACION_FK,ID_DOCUMENTO_FK,FLAG_OBLIGATORIO,FLAG_REEMPLAZABLE,FLAG_CADUCA,FLAG_REQ_ESCANEO,ID_PRODUCTO_FK,COD_TIPO_PJ,DES_TIPO_PJ) values (6,19,'0','0','0','1',1,'01','SAC/SAA/SRL/EIRL/ASOC INSCRITA');
Insert into CONELE.TBL_CE_IBM_GUIA_DOCUMENT_CC (ID_OPERACION_FK,ID_DOCUMENTO_FK,FLAG_OBLIGATORIO,FLAG_REEMPLAZABLE,FLAG_CADUCA,FLAG_REQ_ESCANEO,ID_PRODUCTO_FK,COD_TIPO_PJ,DES_TIPO_PJ) values (6,19,'1','0','0','1',1,'06','APAFA');
Insert into CONELE.TBL_CE_IBM_GUIA_DOCUMENT_CC (ID_OPERACION_FK,ID_DOCUMENTO_FK,FLAG_OBLIGATORIO,FLAG_REEMPLAZABLE,FLAG_CADUCA,FLAG_REQ_ESCANEO,ID_PRODUCTO_FK,COD_TIPO_PJ,DES_TIPO_PJ) values (1,3,'1','0','0','1',1,'14','PJ NO DOMICILIADAS');
Insert into CONELE.TBL_CE_IBM_GUIA_DOCUMENT_CC (ID_OPERACION_FK,ID_DOCUMENTO_FK,FLAG_OBLIGATORIO,FLAG_REEMPLAZABLE,FLAG_CADUCA,FLAG_REQ_ESCANEO,ID_PRODUCTO_FK,COD_TIPO_PJ,DES_TIPO_PJ) values (6,19,'1','1','0','1',2,'02','PUBLICO');
Insert into CONELE.TBL_CE_IBM_GUIA_DOCUMENT_CC (ID_OPERACION_FK,ID_DOCUMENTO_FK,FLAG_OBLIGATORIO,FLAG_REEMPLAZABLE,FLAG_CADUCA,FLAG_REQ_ESCANEO,ID_PRODUCTO_FK,COD_TIPO_PJ,DES_TIPO_PJ) values (1,3,'1','0','0','0',1,'03','CONSORCIO');
Insert into CONELE.TBL_CE_IBM_GUIA_DOCUMENT_CC (ID_OPERACION_FK,ID_DOCUMENTO_FK,FLAG_OBLIGATORIO,FLAG_REEMPLAZABLE,FLAG_CADUCA,FLAG_REQ_ESCANEO,ID_PRODUCTO_FK,COD_TIPO_PJ,DES_TIPO_PJ) values (1,2,'1','0','0','1',1,'19','COOPERATIVAS');
Insert into CONELE.TBL_CE_IBM_GUIA_DOCUMENT_CC (ID_OPERACION_FK,ID_DOCUMENTO_FK,FLAG_OBLIGATORIO,FLAG_REEMPLAZABLE,FLAG_CADUCA,FLAG_REQ_ESCANEO,ID_PRODUCTO_FK,COD_TIPO_PJ,DES_TIPO_PJ) values (1,12,'1','0','0','1',1,'19','COOPERATIVAS');
Insert into CONELE.TBL_CE_IBM_GUIA_DOCUMENT_CC (ID_OPERACION_FK,ID_DOCUMENTO_FK,FLAG_OBLIGATORIO,FLAG_REEMPLAZABLE,FLAG_CADUCA,FLAG_REQ_ESCANEO,ID_PRODUCTO_FK,COD_TIPO_PJ,DES_TIPO_PJ) values (1,3,'1','0','0','1',1,'19','COOPERATIVAS');
Insert into CONELE.TBL_CE_IBM_GUIA_DOCUMENT_CC (ID_OPERACION_FK,ID_DOCUMENTO_FK,FLAG_OBLIGATORIO,FLAG_REEMPLAZABLE,FLAG_CADUCA,FLAG_REQ_ESCANEO,ID_PRODUCTO_FK,COD_TIPO_PJ,DES_TIPO_PJ) values (1,3,'1','0','0','1',1,'02','PUBLICO');
Insert into CONELE.TBL_CE_IBM_GUIA_DOCUMENT_CC (ID_OPERACION_FK,ID_DOCUMENTO_FK,FLAG_OBLIGATORIO,FLAG_REEMPLAZABLE,FLAG_CADUCA,FLAG_REQ_ESCANEO,ID_PRODUCTO_FK,COD_TIPO_PJ,DES_TIPO_PJ) values (1,2,'1','0','0','0',1,'12','Junta de propietarios');
Insert into CONELE.TBL_CE_IBM_GUIA_DOCUMENT_CC (ID_OPERACION_FK,ID_DOCUMENTO_FK,FLAG_OBLIGATORIO,FLAG_REEMPLAZABLE,FLAG_CADUCA,FLAG_REQ_ESCANEO,ID_PRODUCTO_FK,COD_TIPO_PJ,DES_TIPO_PJ) values (2,19,'0','0','0','1',1,'12','JUNTA DE PROPIETARIOS');
Insert into CONELE.TBL_CE_IBM_GUIA_DOCUMENT_CC (ID_OPERACION_FK,ID_DOCUMENTO_FK,FLAG_OBLIGATORIO,FLAG_REEMPLAZABLE,FLAG_CADUCA,FLAG_REQ_ESCANEO,ID_PRODUCTO_FK,COD_TIPO_PJ,DES_TIPO_PJ) values (2,3,'0','0','0','0',1,'12','JUNTA DE PROPIETARIOS');
Insert into CONELE.TBL_CE_IBM_GUIA_DOCUMENT_CC (ID_OPERACION_FK,ID_DOCUMENTO_FK,FLAG_OBLIGATORIO,FLAG_REEMPLAZABLE,FLAG_CADUCA,FLAG_REQ_ESCANEO,ID_PRODUCTO_FK,COD_TIPO_PJ,DES_TIPO_PJ) values (6,19,'1','0','0','0',1,'12','JUNTA DE PROPIETARIOS');
Insert into CONELE.TBL_CE_IBM_GUIA_DOCUMENT_CC (ID_OPERACION_FK,ID_DOCUMENTO_FK,FLAG_OBLIGATORIO,FLAG_REEMPLAZABLE,FLAG_CADUCA,FLAG_REQ_ESCANEO,ID_PRODUCTO_FK,COD_TIPO_PJ,DES_TIPO_PJ) values (6,19,'1','0','0','0',1,'3','CONSORCIO');
Insert into CONELE.TBL_CE_IBM_GUIA_DOCUMENT_CC (ID_OPERACION_FK,ID_DOCUMENTO_FK,FLAG_OBLIGATORIO,FLAG_REEMPLAZABLE,FLAG_CADUCA,FLAG_REQ_ESCANEO,ID_PRODUCTO_FK,COD_TIPO_PJ,DES_TIPO_PJ) values (1,2,'1','0','0','1',1,'02','PUBLICO');
Insert into CONELE.TBL_CE_IBM_GUIA_DOCUMENT_CC (ID_OPERACION_FK,ID_DOCUMENTO_FK,FLAG_OBLIGATORIO,FLAG_REEMPLAZABLE,FLAG_CADUCA,FLAG_REQ_ESCANEO,ID_PRODUCTO_FK,COD_TIPO_PJ,DES_TIPO_PJ) values (1,2,'1','0','0','0',1,'03','CONSORCIO');
Insert into CONELE.TBL_CE_IBM_GUIA_DOCUMENT_CC (ID_OPERACION_FK,ID_DOCUMENTO_FK,FLAG_OBLIGATORIO,FLAG_REEMPLAZABLE,FLAG_CADUCA,FLAG_REQ_ESCANEO,ID_PRODUCTO_FK,COD_TIPO_PJ,DES_TIPO_PJ) values (1,10,'0','0','0','0',1,'01','SAC/SAA/SRL/EIRL/ASOC INSCRITA');
Insert into CONELE.TBL_CE_IBM_GUIA_DOCUMENT_CC (ID_OPERACION_FK,ID_DOCUMENTO_FK,FLAG_OBLIGATORIO,FLAG_REEMPLAZABLE,FLAG_CADUCA,FLAG_REQ_ESCANEO,ID_PRODUCTO_FK,COD_TIPO_PJ,DES_TIPO_PJ) values (1,2,'1','0','0','1',1,'14','PJ NO DOMICILIADAS');


REM INSERTING into TBL_CE_IBM_EMPLEADO
Insert into CONELE.TBL_CE_IBM_EMPLEADO (ID,CODIGO,NOMBRES,APEPAT,APEMAT,ID_PERFIL_FK,FECING,FECEGR,ID_OFICINA_FK,NOMBRES_COMPLETOS,ID_NIVEL_FK,ID_TIPO_CATEGORIA_FK,CORREO,FLAG_ACTIVO,FLAG_ABOGADO,ID_ESTUDIO_ABOG_FK) values (1,'userAD','userADministrador','userAD','userAD',14,null,null,1,'userAD',null,null,'userAD@bbva.com','1',null,null);


REM INSERTING into CONELE.TBL_CE_IBM_TABLA
Insert into CONELE.TBL_CE_IBM_TABLA (ID,NOMBRE,NOMBRE_MOSTRAR,TIPO,BOTON_AGREGAR,BOTON_ACTUALIZAR,BOTON_ELIMINAR,ORDEN) values (100,'TBL_CE_IBM_PRODUCTO','Producto','0','1','1','1',null);
Insert into CONELE.TBL_CE_IBM_TABLA (ID,NOMBRE,NOMBRE_MOSTRAR,TIPO,BOTON_AGREGAR,BOTON_ACTUALIZAR,BOTON_ELIMINAR,ORDEN) values (101,'TBL_CE_IBM_TERRITORIO','Territorio','1','1','1','0','-');
Insert into CONELE.TBL_CE_IBM_TABLA (ID,NOMBRE,NOMBRE_MOSTRAR,TIPO,BOTON_AGREGAR,BOTON_ACTUALIZAR,BOTON_ELIMINAR,ORDEN) values (102,'TBL_CE_IBM_CARTERIZACION','Carterización','1','1','1','1',null);
Insert into CONELE.TBL_CE_IBM_TABLA (ID,NOMBRE,NOMBRE_MOSTRAR,TIPO,BOTON_AGREGAR,BOTON_ACTUALIZAR,BOTON_ELIMINAR,ORDEN) values (103,'TBL_CE_IBM_PERFIL','Perfil','1','0','1','0',null);
Insert into CONELE.TBL_CE_IBM_TABLA (ID,NOMBRE,NOMBRE_MOSTRAR,TIPO,BOTON_AGREGAR,BOTON_ACTUALIZAR,BOTON_ELIMINAR,ORDEN) values (104,'TBL_CE_IBM_OFICINA','Oficina','1','1','1','0','93-');
Insert into CONELE.TBL_CE_IBM_TABLA (ID,NOMBRE,NOMBRE_MOSTRAR,TIPO,BOTON_AGREGAR,BOTON_ACTUALIZAR,BOTON_ELIMINAR,ORDEN) values (105,'TBL_CE_IBM_EMPLEADO','Empleado','1','1','1','0','109');
Insert into CONELE.TBL_CE_IBM_TABLA (ID,NOMBRE,NOMBRE_MOSTRAR,TIPO,BOTON_AGREGAR,BOTON_ACTUALIZAR,BOTON_ELIMINAR,ORDEN) values (106,'TBL_CE_IBM_COBRO_COMISION_CC','Horario Cobro Comisión','1','0','1','0',null);
Insert into CONELE.TBL_CE_IBM_TABLA (ID,NOMBRE,NOMBRE_MOSTRAR,TIPO,BOTON_AGREGAR,BOTON_ACTUALIZAR,BOTON_ELIMINAR,ORDEN) values (107,'TBL_CE_IBM_AUDIT_BASTANTEO_CC','Resultado Bastanteo','0','1','1','1',null);
Insert into CONELE.TBL_CE_IBM_TABLA (ID,NOMBRE,NOMBRE_MOSTRAR,TIPO,BOTON_AGREGAR,BOTON_ACTUALIZAR,BOTON_ELIMINAR,ORDEN) values (108,'TBL_CE_IBM_AUDIT_CLIENTE_CC','Auditoría a Cliente','1','1','1','1','156-ASC');
Insert into CONELE.TBL_CE_IBM_TABLA (ID,NOMBRE,NOMBRE_MOSTRAR,TIPO,BOTON_AGREGAR,BOTON_ACTUALIZAR,BOTON_ELIMINAR,ORDEN) values (109,'TBL_CE_IBM_AUDIT_CRITERIOS_CC','Criterios de Auditoría','0','1','0','1',null);
Insert into CONELE.TBL_CE_IBM_TABLA (ID,NOMBRE,NOMBRE_MOSTRAR,TIPO,BOTON_AGREGAR,BOTON_ACTUALIZAR,BOTON_ELIMINAR,ORDEN) values (110,'TBL_CE_IBM_CAMPANIA_CC','Campañas','1','1','1','1',null);
Insert into CONELE.TBL_CE_IBM_TABLA (ID,NOMBRE,NOMBRE_MOSTRAR,TIPO,BOTON_AGREGAR,BOTON_ACTUALIZAR,BOTON_ELIMINAR,ORDEN) values (111,'TBL_CE_IBM_DOCUMENTO_CC','Tipos de Documento','1','1','1','1',null);
Insert into CONELE.TBL_CE_IBM_TABLA (ID,NOMBRE,NOMBRE_MOSTRAR,TIPO,BOTON_AGREGAR,BOTON_ACTUALIZAR,BOTON_ELIMINAR,ORDEN) values (112,'TBL_CE_IBM_ESTADO_EXP_CC','Estado de Expediente','0','1','1','1',null);
Insert into CONELE.TBL_CE_IBM_TABLA (ID,NOMBRE,NOMBRE_MOSTRAR,TIPO,BOTON_AGREGAR,BOTON_ACTUALIZAR,BOTON_ELIMINAR,ORDEN) values (113,'TBL_CE_IBM_ESTADO_TAREA_CC','Estado de Tarea','0','1','1','1',null);
Insert into CONELE.TBL_CE_IBM_TABLA (ID,NOMBRE,NOMBRE_MOSTRAR,TIPO,BOTON_AGREGAR,BOTON_ACTUALIZAR,BOTON_ELIMINAR,ORDEN) values (114,'TBL_CE_IBM_GUIA_DOCUMENT_CC','Guía Documentaría','1','1','1','1',null);
Insert into CONELE.TBL_CE_IBM_TABLA (ID,NOMBRE,NOMBRE_MOSTRAR,TIPO,BOTON_AGREGAR,BOTON_ACTUALIZAR,BOTON_ELIMINAR,ORDEN) values (115,'TBL_CE_IBM_LISTA_CERRADA_CC','Lista Cerrada','1','1','1','1',null);
Insert into CONELE.TBL_CE_IBM_TABLA (ID,NOMBRE,NOMBRE_MOSTRAR,TIPO,BOTON_AGREGAR,BOTON_ACTUALIZAR,BOTON_ELIMINAR,ORDEN) values (116,'TBL_CE_IBM_MOTIVO_CC','Motivo','1','1','1','1','ASC');
Insert into CONELE.TBL_CE_IBM_TABLA (ID,NOMBRE,NOMBRE_MOSTRAR,TIPO,BOTON_AGREGAR,BOTON_ACTUALIZAR,BOTON_ELIMINAR,ORDEN) values (117,'TBL_CE_IBM_OPERACION_CC','Operación','0','1','1','1',null);
Insert into CONELE.TBL_CE_IBM_TABLA (ID,NOMBRE,NOMBRE_MOSTRAR,TIPO,BOTON_AGREGAR,BOTON_ACTUALIZAR,BOTON_ELIMINAR,ORDEN) values (118,'TBL_CE_IBM_PERFIL_BALANCEO_CC','Balanceo por Perfil','0','1','1','1',null);
Insert into CONELE.TBL_CE_IBM_TABLA (ID,NOMBRE,NOMBRE_MOSTRAR,TIPO,BOTON_AGREGAR,BOTON_ACTUALIZAR,BOTON_ELIMINAR,ORDEN) values (119,'TBL_CE_IBM_PESO_EXP_CC','Peso Documento por Expediente','0','1','1','1',null);
Insert into CONELE.TBL_CE_IBM_TABLA (ID,NOMBRE,NOMBRE_MOSTRAR,TIPO,BOTON_AGREGAR,BOTON_ACTUALIZAR,BOTON_ELIMINAR,ORDEN) values (120,'TBL_CE_IBM_PESO_PARTICIPE_CC','Peso Documento por Partícipe','0','1','1','1',null);
Insert into CONELE.TBL_CE_IBM_TABLA (ID,NOMBRE,NOMBRE_MOSTRAR,TIPO,BOTON_AGREGAR,BOTON_ACTUALIZAR,BOTON_ELIMINAR,ORDEN) values (121,'TBL_CE_IBM_PLAZO_SUBSANA_CC','Plazo Subsanación','1','0','1','0',null);
Insert into CONELE.TBL_CE_IBM_TABLA (ID,NOMBRE,NOMBRE_MOSTRAR,TIPO,BOTON_AGREGAR,BOTON_ACTUALIZAR,BOTON_ELIMINAR,ORDEN) values (122,'TBL_CE_IBM_PRODUCTO_CC','Producto','1','1','1','0','209-DESC');
Insert into CONELE.TBL_CE_IBM_TABLA (ID,NOMBRE,NOMBRE_MOSTRAR,TIPO,BOTON_AGREGAR,BOTON_ACTUALIZAR,BOTON_ELIMINAR,ORDEN) values (123,'TBL_CE_IBM_TAREA_CC','Tarea','1','0','1','0',null);
Insert into CONELE.TBL_CE_IBM_TABLA (ID,NOMBRE,NOMBRE_MOSTRAR,TIPO,BOTON_AGREGAR,BOTON_ACTUALIZAR,BOTON_ELIMINAR,ORDEN) values (124,'TBL_CE_IBM_TAREA_PERFIL_CC','Tarea x Perfil','0','1','1','1',null);
Insert into CONELE.TBL_CE_IBM_TABLA (ID,NOMBRE,NOMBRE_MOSTRAR,TIPO,BOTON_AGREGAR,BOTON_ACTUALIZAR,BOTON_ELIMINAR,ORDEN) values (125,'TBL_CE_IBM_TIPO_BALANCEO_CC','Tipo Balanceo','0','1','1','1',null);
Insert into CONELE.TBL_CE_IBM_TABLA (ID,NOMBRE,NOMBRE_MOSTRAR,TIPO,BOTON_AGREGAR,BOTON_ACTUALIZAR,BOTON_ELIMINAR,ORDEN) values (126,'TBL_CE_IBM_ESTUDIO_ABOGADO_CC','Estudio de Abogado','1','1','1','1',null);
Insert into CONELE.TBL_CE_IBM_TABLA (ID,NOMBRE,NOMBRE_MOSTRAR,TIPO,BOTON_AGREGAR,BOTON_ACTUALIZAR,BOTON_ELIMINAR,ORDEN) values (127,'TBL_CE_IBM_PARA_VISTA_UNICA_CC','Parametros Vista Unica','1','0','1','0',null);
Insert into CONELE.TBL_CE_IBM_TABLA (ID,NOMBRE,NOMBRE_MOSTRAR,TIPO,BOTON_AGREGAR,BOTON_ACTUALIZAR,BOTON_ELIMINAR,ORDEN) values (128,'TBL_CE_IBM_ESCANEO_WEB_CC','Parametros APINAE','1','0','1','0',null);


REM INSERTING into CONELE.TBL_CE_IBM_COLUMNA
Insert into CONELE.TBL_CE_IBM_COLUMNA (ID,NOMBRE,ES_LLAVE_PRIMARIA,ID_TABLA,ES_REQUERIDO,LONGITUD_MAXIMA,NOMBRE_MOSTRAR,TIPO_DATO,ES_LLAVE_FORANEA,ORDEN_COLUMNA,BUSQUEDA) values (258,'ID','1',100,'1',5,'Id','INTEGER','0',1,'0');
Insert into CONELE.TBL_CE_IBM_COLUMNA (ID,NOMBRE,ES_LLAVE_PRIMARIA,ID_TABLA,ES_REQUERIDO,LONGITUD_MAXIMA,NOMBRE_MOSTRAR,TIPO_DATO,ES_LLAVE_FORANEA,ORDEN_COLUMNA,BUSQUEDA) values (259,'CODIGO','0',100,'1',5,'Código','ALFANUMERICO','0',2,'0');
Insert into CONELE.TBL_CE_IBM_COLUMNA (ID,NOMBRE,ES_LLAVE_PRIMARIA,ID_TABLA,ES_REQUERIDO,LONGITUD_MAXIMA,NOMBRE_MOSTRAR,TIPO_DATO,ES_LLAVE_FORANEA,ORDEN_COLUMNA,BUSQUEDA) values (260,'DESCRIPCION','0',100,'1',50,'Descripción','ALFANUMERICO','0',3,'0');
Insert into CONELE.TBL_CE_IBM_COLUMNA (ID,NOMBRE,ES_LLAVE_PRIMARIA,ID_TABLA,ES_REQUERIDO,LONGITUD_MAXIMA,NOMBRE_MOSTRAR,TIPO_DATO,ES_LLAVE_FORANEA,ORDEN_COLUMNA,BUSQUEDA) values (261,'PESO','0',100,'1',5,'Peso','INTEGER','0',0,'0');
Insert into CONELE.TBL_CE_IBM_COLUMNA (ID,NOMBRE,ES_LLAVE_PRIMARIA,ID_TABLA,ES_REQUERIDO,LONGITUD_MAXIMA,NOMBRE_MOSTRAR,TIPO_DATO,ES_LLAVE_FORANEA,ORDEN_COLUMNA,BUSQUEDA) values (262,'ID','1',101,'1',5,'Id','INTEGER','0',1,'0');
Insert into CONELE.TBL_CE_IBM_COLUMNA (ID,NOMBRE,ES_LLAVE_PRIMARIA,ID_TABLA,ES_REQUERIDO,LONGITUD_MAXIMA,NOMBRE_MOSTRAR,TIPO_DATO,ES_LLAVE_FORANEA,ORDEN_COLUMNA,BUSQUEDA) values (263,'CODIGO','0',101,'1',5,'Código','ALFANUMERICO','0',2,'0');
Insert into CONELE.TBL_CE_IBM_COLUMNA (ID,NOMBRE,ES_LLAVE_PRIMARIA,ID_TABLA,ES_REQUERIDO,LONGITUD_MAXIMA,NOMBRE_MOSTRAR,TIPO_DATO,ES_LLAVE_FORANEA,ORDEN_COLUMNA,BUSQUEDA) values (264,'DESCRIPCION','0',101,'1',50,'Descripción','ALFANUMERICO','0',3,'0');
Insert into CONELE.TBL_CE_IBM_COLUMNA (ID,NOMBRE,ES_LLAVE_PRIMARIA,ID_TABLA,ES_REQUERIDO,LONGITUD_MAXIMA,NOMBRE_MOSTRAR,TIPO_DATO,ES_LLAVE_FORANEA,ORDEN_COLUMNA,BUSQUEDA) values (265,'UBICACION','0',101,'1',100,'Ubicación','ALFANUMERICO','0',4,'0');
Insert into CONELE.TBL_CE_IBM_COLUMNA (ID,NOMBRE,ES_LLAVE_PRIMARIA,ID_TABLA,ES_REQUERIDO,LONGITUD_MAXIMA,NOMBRE_MOSTRAR,TIPO_DATO,ES_LLAVE_FORANEA,ORDEN_COLUMNA,BUSQUEDA) values (266,'FLAG_PROV','0',101,'1',1,'Provincia','BOOLEAN','0',5,'0');
Insert into CONELE.TBL_CE_IBM_COLUMNA (ID,NOMBRE,ES_LLAVE_PRIMARIA,ID_TABLA,ES_REQUERIDO,LONGITUD_MAXIMA,NOMBRE_MOSTRAR,TIPO_DATO,ES_LLAVE_FORANEA,ORDEN_COLUMNA,BUSQUEDA) values (267,'ID_PRODUCTO_FK','1',102,'1',5,'Producto','LISTA','1',1,'1');
Insert into CONELE.TBL_CE_IBM_COLUMNA (ID,NOMBRE,ES_LLAVE_PRIMARIA,ID_TABLA,ES_REQUERIDO,LONGITUD_MAXIMA,NOMBRE_MOSTRAR,TIPO_DATO,ES_LLAVE_FORANEA,ORDEN_COLUMNA,BUSQUEDA) values (268,'ID_TERRITORIO_FK','1',102,'1',5,'Territorio','LISTA','1',2,'1');
Insert into CONELE.TBL_CE_IBM_COLUMNA (ID,NOMBRE,ES_LLAVE_PRIMARIA,ID_TABLA,ES_REQUERIDO,LONGITUD_MAXIMA,NOMBRE_MOSTRAR,TIPO_DATO,ES_LLAVE_FORANEA,ORDEN_COLUMNA,BUSQUEDA) values (269,'ID_EMPLEADO_FK','1',102,'1',10,'Empleado','LISTA','1',3,'1');
Insert into CONELE.TBL_CE_IBM_COLUMNA (ID,NOMBRE,ES_LLAVE_PRIMARIA,ID_TABLA,ES_REQUERIDO,LONGITUD_MAXIMA,NOMBRE_MOSTRAR,TIPO_DATO,ES_LLAVE_FORANEA,ORDEN_COLUMNA,BUSQUEDA) values (270,'CODIGO','0',102,'1',10,'Código','STRING','0',4,'0');
Insert into CONELE.TBL_CE_IBM_COLUMNA (ID,NOMBRE,ES_LLAVE_PRIMARIA,ID_TABLA,ES_REQUERIDO,LONGITUD_MAXIMA,NOMBRE_MOSTRAR,TIPO_DATO,ES_LLAVE_FORANEA,ORDEN_COLUMNA,BUSQUEDA) values (271,'DESCRIPCION','0',102,'1',50,'Descripción','STRING','0',5,'0');
Insert into CONELE.TBL_CE_IBM_COLUMNA (ID,NOMBRE,ES_LLAVE_PRIMARIA,ID_TABLA,ES_REQUERIDO,LONGITUD_MAXIMA,NOMBRE_MOSTRAR,TIPO_DATO,ES_LLAVE_FORANEA,ORDEN_COLUMNA,BUSQUEDA) values (272,'ID','1',103,'1',5,'Id','INTEGER','0',1,'0');
Insert into CONELE.TBL_CE_IBM_COLUMNA (ID,NOMBRE,ES_LLAVE_PRIMARIA,ID_TABLA,ES_REQUERIDO,LONGITUD_MAXIMA,NOMBRE_MOSTRAR,TIPO_DATO,ES_LLAVE_FORANEA,ORDEN_COLUMNA,BUSQUEDA) values (273,'CODIGO','0',103,'1',5,'Código','STRING','0',2,'0');
Insert into CONELE.TBL_CE_IBM_COLUMNA (ID,NOMBRE,ES_LLAVE_PRIMARIA,ID_TABLA,ES_REQUERIDO,LONGITUD_MAXIMA,NOMBRE_MOSTRAR,TIPO_DATO,ES_LLAVE_FORANEA,ORDEN_COLUMNA,BUSQUEDA) values (274,'DESCRIPCION','0',103,'1',60,'Descripción','STRING','0',3,'0');
Insert into CONELE.TBL_CE_IBM_COLUMNA (ID,NOMBRE,ES_LLAVE_PRIMARIA,ID_TABLA,ES_REQUERIDO,LONGITUD_MAXIMA,NOMBRE_MOSTRAR,TIPO_DATO,ES_LLAVE_FORANEA,ORDEN_COLUMNA,BUSQUEDA) values (275,'ID_PERFIL_FK','0',103,'0',5,'Id Perfil Superior','INTEGER','0',4,'0');
Insert into CONELE.TBL_CE_IBM_COLUMNA (ID,NOMBRE,ES_LLAVE_PRIMARIA,ID_TABLA,ES_REQUERIDO,LONGITUD_MAXIMA,NOMBRE_MOSTRAR,TIPO_DATO,ES_LLAVE_FORANEA,ORDEN_COLUMNA,BUSQUEDA) values (276,'LISTA_CORREO_JEFES','0',103,'0',150,'Lista Correo Jefes','STRING','0',5,'0');
Insert into CONELE.TBL_CE_IBM_COLUMNA (ID,NOMBRE,ES_LLAVE_PRIMARIA,ID_TABLA,ES_REQUERIDO,LONGITUD_MAXIMA,NOMBRE_MOSTRAR,TIPO_DATO,ES_LLAVE_FORANEA,ORDEN_COLUMNA,BUSQUEDA) values (277,'FLAG_REGISTRA_EXP','0',103,'0',1,'Flag Registra Exp','BOOLEAN','0',6,'0');
Insert into CONELE.TBL_CE_IBM_COLUMNA (ID,NOMBRE,ES_LLAVE_PRIMARIA,ID_TABLA,ES_REQUERIDO,LONGITUD_MAXIMA,NOMBRE_MOSTRAR,TIPO_DATO,ES_LLAVE_FORANEA,ORDEN_COLUMNA,BUSQUEDA) values (278,'FLAG_ASIGNACION','0',103,'0',1,'Flag Asignación','BOOLEAN','0',7,'0');
Insert into CONELE.TBL_CE_IBM_COLUMNA (ID,NOMBRE,ES_LLAVE_PRIMARIA,ID_TABLA,ES_REQUERIDO,LONGITUD_MAXIMA,NOMBRE_MOSTRAR,TIPO_DATO,ES_LLAVE_FORANEA,ORDEN_COLUMNA,BUSQUEDA) values (279,'FLAG_ADMINISTRACION','0',103,'0',1,'Flag Administración','BOOLEAN','0',8,'0');
Insert into CONELE.TBL_CE_IBM_COLUMNA (ID,NOMBRE,ES_LLAVE_PRIMARIA,ID_TABLA,ES_REQUERIDO,LONGITUD_MAXIMA,NOMBRE_MOSTRAR,TIPO_DATO,ES_LLAVE_FORANEA,ORDEN_COLUMNA,BUSQUEDA) values (280,'FLAG_REGISTRA_AYU','0',103,'0',1,'Flag Registra Ayuda','BOOLEAN','0',9,'0');
Insert into CONELE.TBL_CE_IBM_COLUMNA (ID,NOMBRE,ES_LLAVE_PRIMARIA,ID_TABLA,ES_REQUERIDO,LONGITUD_MAXIMA,NOMBRE_MOSTRAR,TIPO_DATO,ES_LLAVE_FORANEA,ORDEN_COLUMNA,BUSQUEDA) values (281,'ID','1',104,'1',5,'Id','INTEGER','0',1,'0');
Insert into CONELE.TBL_CE_IBM_COLUMNA (ID,NOMBRE,ES_LLAVE_PRIMARIA,ID_TABLA,ES_REQUERIDO,LONGITUD_MAXIMA,NOMBRE_MOSTRAR,TIPO_DATO,ES_LLAVE_FORANEA,ORDEN_COLUMNA,BUSQUEDA) values (282,'CODIGO','0',104,'1',5,'Código','STRING','0',2,'0');
Insert into CONELE.TBL_CE_IBM_COLUMNA (ID,NOMBRE,ES_LLAVE_PRIMARIA,ID_TABLA,ES_REQUERIDO,LONGITUD_MAXIMA,NOMBRE_MOSTRAR,TIPO_DATO,ES_LLAVE_FORANEA,ORDEN_COLUMNA,BUSQUEDA) values (283,'DESCRIPCION','0',104,'1',100,'Descripción','STRING','0',3,'0');
Insert into CONELE.TBL_CE_IBM_COLUMNA (ID,NOMBRE,ES_LLAVE_PRIMARIA,ID_TABLA,ES_REQUERIDO,LONGITUD_MAXIMA,NOMBRE_MOSTRAR,TIPO_DATO,ES_LLAVE_FORANEA,ORDEN_COLUMNA,BUSQUEDA) values (284,'ID_TERRITORIO_FK','0',104,'1',5,'Id Territorio','LISTA','1',4,'0');
Insert into CONELE.TBL_CE_IBM_COLUMNA (ID,NOMBRE,ES_LLAVE_PRIMARIA,ID_TABLA,ES_REQUERIDO,LONGITUD_MAXIMA,NOMBRE_MOSTRAR,TIPO_DATO,ES_LLAVE_FORANEA,ORDEN_COLUMNA,BUSQUEDA) values (285,'UBICACION','0',104,'0',100,'Ubicación','STRING','0',5,'0');
Insert into CONELE.TBL_CE_IBM_COLUMNA (ID,NOMBRE,ES_LLAVE_PRIMARIA,ID_TABLA,ES_REQUERIDO,LONGITUD_MAXIMA,NOMBRE_MOSTRAR,TIPO_DATO,ES_LLAVE_FORANEA,ORDEN_COLUMNA,BUSQUEDA) values (286,'FLAG_AREA_RIESGO','0',104,'0',1,'Flag Area Riesgo','BOOLEAN','0',6,'0');
Insert into CONELE.TBL_CE_IBM_COLUMNA (ID,NOMBRE,ES_LLAVE_PRIMARIA,ID_TABLA,ES_REQUERIDO,LONGITUD_MAXIMA,NOMBRE_MOSTRAR,TIPO_DATO,ES_LLAVE_FORANEA,ORDEN_COLUMNA,BUSQUEDA) values (287,'MONTO_TOPE','0',104,'0',10,'Monto Tope','DOUBLE','0',7,'0');
Insert into CONELE.TBL_CE_IBM_COLUMNA (ID,NOMBRE,ES_LLAVE_PRIMARIA,ID_TABLA,ES_REQUERIDO,LONGITUD_MAXIMA,NOMBRE_MOSTRAR,TIPO_DATO,ES_LLAVE_FORANEA,ORDEN_COLUMNA,BUSQUEDA) values (288,'FLAG_DESPLAZADA','0',104,'1',1,'Flag Desplazada','BOOLEAN','0',8,'0');
Insert into CONELE.TBL_CE_IBM_COLUMNA (ID,NOMBRE,ES_LLAVE_PRIMARIA,ID_TABLA,ES_REQUERIDO,LONGITUD_MAXIMA,NOMBRE_MOSTRAR,TIPO_DATO,ES_LLAVE_FORANEA,ORDEN_COLUMNA,BUSQUEDA) values (289,'ID_OFICINA_PRINCIPAL_FK','0',104,'0',5,'Id Oficina Principal','LISTA','1',9,'1');
Insert into CONELE.TBL_CE_IBM_COLUMNA (ID,NOMBRE,ES_LLAVE_PRIMARIA,ID_TABLA,ES_REQUERIDO,LONGITUD_MAXIMA,NOMBRE_MOSTRAR,TIPO_DATO,ES_LLAVE_FORANEA,ORDEN_COLUMNA,BUSQUEDA) values (290,'FLAG_ESCANEO_WEB','0',104,'0',1,'Flag Escaneo Web','BOOLEAN','0',11,'0');
Insert into CONELE.TBL_CE_IBM_COLUMNA (ID,NOMBRE,ES_LLAVE_PRIMARIA,ID_TABLA,ES_REQUERIDO,LONGITUD_MAXIMA,NOMBRE_MOSTRAR,TIPO_DATO,ES_LLAVE_FORANEA,ORDEN_COLUMNA,BUSQUEDA) values (291,'TASA_TRANSF','0',104,'1',10,'Tasa de Transferencia (KB)','INTEGER','0',10,'0');
Insert into CONELE.TBL_CE_IBM_COLUMNA (ID,NOMBRE,ES_LLAVE_PRIMARIA,ID_TABLA,ES_REQUERIDO,LONGITUD_MAXIMA,NOMBRE_MOSTRAR,TIPO_DATO,ES_LLAVE_FORANEA,ORDEN_COLUMNA,BUSQUEDA) values (292,'ID','1',105,'1',5,'Id','INTEGER','0',1,'0');
Insert into CONELE.TBL_CE_IBM_COLUMNA (ID,NOMBRE,ES_LLAVE_PRIMARIA,ID_TABLA,ES_REQUERIDO,LONGITUD_MAXIMA,NOMBRE_MOSTRAR,TIPO_DATO,ES_LLAVE_FORANEA,ORDEN_COLUMNA,BUSQUEDA) values (293,'CODIGO','0',105,'1',8,'Código','STRING','0',2,'0');
Insert into CONELE.TBL_CE_IBM_COLUMNA (ID,NOMBRE,ES_LLAVE_PRIMARIA,ID_TABLA,ES_REQUERIDO,LONGITUD_MAXIMA,NOMBRE_MOSTRAR,TIPO_DATO,ES_LLAVE_FORANEA,ORDEN_COLUMNA,BUSQUEDA) values (294,'NOMBRES','0',105,'1',60,'Nombres','STRING','0',3,'0');
Insert into CONELE.TBL_CE_IBM_COLUMNA (ID,NOMBRE,ES_LLAVE_PRIMARIA,ID_TABLA,ES_REQUERIDO,LONGITUD_MAXIMA,NOMBRE_MOSTRAR,TIPO_DATO,ES_LLAVE_FORANEA,ORDEN_COLUMNA,BUSQUEDA) values (295,'APEPAT','0',105,'1',50,'Ape. Paterno','STRING','0',4,'0');
Insert into CONELE.TBL_CE_IBM_COLUMNA (ID,NOMBRE,ES_LLAVE_PRIMARIA,ID_TABLA,ES_REQUERIDO,LONGITUD_MAXIMA,NOMBRE_MOSTRAR,TIPO_DATO,ES_LLAVE_FORANEA,ORDEN_COLUMNA,BUSQUEDA) values (296,'APEMAT','0',105,'1',50,'Ape. Materno','STRING','0',5,'0');
Insert into CONELE.TBL_CE_IBM_COLUMNA (ID,NOMBRE,ES_LLAVE_PRIMARIA,ID_TABLA,ES_REQUERIDO,LONGITUD_MAXIMA,NOMBRE_MOSTRAR,TIPO_DATO,ES_LLAVE_FORANEA,ORDEN_COLUMNA,BUSQUEDA) values (297,'ID_PERFIL_FK','0',105,'1',5,'Perfil','LISTA','1',7,'0');
Insert into CONELE.TBL_CE_IBM_COLUMNA (ID,NOMBRE,ES_LLAVE_PRIMARIA,ID_TABLA,ES_REQUERIDO,LONGITUD_MAXIMA,NOMBRE_MOSTRAR,TIPO_DATO,ES_LLAVE_FORANEA,ORDEN_COLUMNA,BUSQUEDA) values (298,'ID_OFICINA_FK','0',105,'1',5,'Oficina','LISTA','1',8,'0');
Insert into CONELE.TBL_CE_IBM_COLUMNA (ID,NOMBRE,ES_LLAVE_PRIMARIA,ID_TABLA,ES_REQUERIDO,LONGITUD_MAXIMA,NOMBRE_MOSTRAR,TIPO_DATO,ES_LLAVE_FORANEA,ORDEN_COLUMNA,BUSQUEDA) values (299,'NOMBRES_COMPLETOS','0',105,'1',110,'Nombres Completos','STRING','0',6,'0');
Insert into CONELE.TBL_CE_IBM_COLUMNA (ID,NOMBRE,ES_LLAVE_PRIMARIA,ID_TABLA,ES_REQUERIDO,LONGITUD_MAXIMA,NOMBRE_MOSTRAR,TIPO_DATO,ES_LLAVE_FORANEA,ORDEN_COLUMNA,BUSQUEDA) values (302,'CORREO','0',105,'0',50,'Correo','STRING','0',9,'0');
Insert into CONELE.TBL_CE_IBM_COLUMNA (ID,NOMBRE,ES_LLAVE_PRIMARIA,ID_TABLA,ES_REQUERIDO,LONGITUD_MAXIMA,NOMBRE_MOSTRAR,TIPO_DATO,ES_LLAVE_FORANEA,ORDEN_COLUMNA,BUSQUEDA) values (303,'FLAG_ACTIVO','0',105,'0',1,'Flag Activo','BOOLEAN','0',12,'0');
Insert into CONELE.TBL_CE_IBM_COLUMNA (ID,NOMBRE,ES_LLAVE_PRIMARIA,ID_TABLA,ES_REQUERIDO,LONGITUD_MAXIMA,NOMBRE_MOSTRAR,TIPO_DATO,ES_LLAVE_FORANEA,ORDEN_COLUMNA,BUSQUEDA) values (304,'FLAG_ABOGADO','0',105,'1',8,'Flag Abogado','BOOLEAN','0',10,'0');
Insert into CONELE.TBL_CE_IBM_COLUMNA (ID,NOMBRE,ES_LLAVE_PRIMARIA,ID_TABLA,ES_REQUERIDO,LONGITUD_MAXIMA,NOMBRE_MOSTRAR,TIPO_DATO,ES_LLAVE_FORANEA,ORDEN_COLUMNA,BUSQUEDA) values (305,'ID_ESTUDIO_ABOG_FK','0',105,'1',50,'Estudio Abogado','LISTA','1',11,'0');
Insert into CONELE.TBL_CE_IBM_COLUMNA (ID,NOMBRE,ES_LLAVE_PRIMARIA,ID_TABLA,ES_REQUERIDO,LONGITUD_MAXIMA,NOMBRE_MOSTRAR,TIPO_DATO,ES_LLAVE_FORANEA,ORDEN_COLUMNA,BUSQUEDA) values (306,'ID','1',106,'1',10,'Id','INTEGER','0',1,'0');
Insert into CONELE.TBL_CE_IBM_COLUMNA (ID,NOMBRE,ES_LLAVE_PRIMARIA,ID_TABLA,ES_REQUERIDO,LONGITUD_MAXIMA,NOMBRE_MOSTRAR,TIPO_DATO,ES_LLAVE_FORANEA,ORDEN_COLUMNA,BUSQUEDA) values (307,'DIAS_REINTENTO','0',106,'1',2,'Días de Reintento','INTEGER','0',2,'0');
Insert into CONELE.TBL_CE_IBM_COLUMNA (ID,NOMBRE,ES_LLAVE_PRIMARIA,ID_TABLA,ES_REQUERIDO,LONGITUD_MAXIMA,NOMBRE_MOSTRAR,TIPO_DATO,ES_LLAVE_FORANEA,ORDEN_COLUMNA,BUSQUEDA) values (308,'HORA_EJECUCION_1','0',106,'1',8,'Hora de Ejecución 1','STRING','0',3,'0');
Insert into CONELE.TBL_CE_IBM_COLUMNA (ID,NOMBRE,ES_LLAVE_PRIMARIA,ID_TABLA,ES_REQUERIDO,LONGITUD_MAXIMA,NOMBRE_MOSTRAR,TIPO_DATO,ES_LLAVE_FORANEA,ORDEN_COLUMNA,BUSQUEDA) values (309,'HORA_EJECUCION_2','0',106,'1',8,'Hora de Ejecución 2','STRING','0',4,'0');
Insert into CONELE.TBL_CE_IBM_COLUMNA (ID,NOMBRE,ES_LLAVE_PRIMARIA,ID_TABLA,ES_REQUERIDO,LONGITUD_MAXIMA,NOMBRE_MOSTRAR,TIPO_DATO,ES_LLAVE_FORANEA,ORDEN_COLUMNA,BUSQUEDA) values (310,'HORA_EJECUCION_3','0',106,'1',8,'Hora de Ejecución 3','STRING','0',5,'0');
Insert into CONELE.TBL_CE_IBM_COLUMNA (ID,NOMBRE,ES_LLAVE_PRIMARIA,ID_TABLA,ES_REQUERIDO,LONGITUD_MAXIMA,NOMBRE_MOSTRAR,TIPO_DATO,ES_LLAVE_FORANEA,ORDEN_COLUMNA,BUSQUEDA) values (311,'HORA_EJECUCION_4','0',106,'1',8,'Hora de Ejecución 4','STRING','0',6,'0');
Insert into CONELE.TBL_CE_IBM_COLUMNA (ID,NOMBRE,ES_LLAVE_PRIMARIA,ID_TABLA,ES_REQUERIDO,LONGITUD_MAXIMA,NOMBRE_MOSTRAR,TIPO_DATO,ES_LLAVE_FORANEA,ORDEN_COLUMNA,BUSQUEDA) values (312,'ID','1',107,'1',5,'Id','INTEGER','0',1,'0');
Insert into CONELE.TBL_CE_IBM_COLUMNA (ID,NOMBRE,ES_LLAVE_PRIMARIA,ID_TABLA,ES_REQUERIDO,LONGITUD_MAXIMA,NOMBRE_MOSTRAR,TIPO_DATO,ES_LLAVE_FORANEA,ORDEN_COLUMNA,BUSQUEDA) values (313,'RESULTADO_BASTANTEO','0',107,'1',30,'Resultado de Bastanteo','STRING','0',1,'0');
Insert into CONELE.TBL_CE_IBM_COLUMNA (ID,NOMBRE,ES_LLAVE_PRIMARIA,ID_TABLA,ES_REQUERIDO,LONGITUD_MAXIMA,NOMBRE_MOSTRAR,TIPO_DATO,ES_LLAVE_FORANEA,ORDEN_COLUMNA,BUSQUEDA) values (314,'ID','1',108,'1',8,'Id','INTEGER','0',1,'0');
Insert into CONELE.TBL_CE_IBM_COLUMNA (ID,NOMBRE,ES_LLAVE_PRIMARIA,ID_TABLA,ES_REQUERIDO,LONGITUD_MAXIMA,NOMBRE_MOSTRAR,TIPO_DATO,ES_LLAVE_FORANEA,ORDEN_COLUMNA,BUSQUEDA) values (315,'CODIGO_CENTRAL','0',108,'1',8,'Código Central','STRING','0',2,'0');
Insert into CONELE.TBL_CE_IBM_COLUMNA (ID,NOMBRE,ES_LLAVE_PRIMARIA,ID_TABLA,ES_REQUERIDO,LONGITUD_MAXIMA,NOMBRE_MOSTRAR,TIPO_DATO,ES_LLAVE_FORANEA,ORDEN_COLUMNA,BUSQUEDA) values (316,'ID','1',109,'1',8,'Id','INTEGER','0',1,'0');
Insert into CONELE.TBL_CE_IBM_COLUMNA (ID,NOMBRE,ES_LLAVE_PRIMARIA,ID_TABLA,ES_REQUERIDO,LONGITUD_MAXIMA,NOMBRE_MOSTRAR,TIPO_DATO,ES_LLAVE_FORANEA,ORDEN_COLUMNA,BUSQUEDA) values (317,'TIPO_CRITERIO','0',109,'1',30,'Tipo de Criterio','STRING','0',1,'0');
Insert into CONELE.TBL_CE_IBM_COLUMNA (ID,NOMBRE,ES_LLAVE_PRIMARIA,ID_TABLA,ES_REQUERIDO,LONGITUD_MAXIMA,NOMBRE_MOSTRAR,TIPO_DATO,ES_LLAVE_FORANEA,ORDEN_COLUMNA,BUSQUEDA) values (318,'INDICADOR','0',109,'1',2,'Indicador de Orden','BOOLEAN','0',2,'0');
Insert into CONELE.TBL_CE_IBM_COLUMNA (ID,NOMBRE,ES_LLAVE_PRIMARIA,ID_TABLA,ES_REQUERIDO,LONGITUD_MAXIMA,NOMBRE_MOSTRAR,TIPO_DATO,ES_LLAVE_FORANEA,ORDEN_COLUMNA,BUSQUEDA) values (319,'ID','1',110,'1',8,'Id','INTEGER','0',1,'0');
Insert into CONELE.TBL_CE_IBM_COLUMNA (ID,NOMBRE,ES_LLAVE_PRIMARIA,ID_TABLA,ES_REQUERIDO,LONGITUD_MAXIMA,NOMBRE_MOSTRAR,TIPO_DATO,ES_LLAVE_FORANEA,ORDEN_COLUMNA,BUSQUEDA) values (320,'DESCRIPCION','0',110,'1',50,'Descripción','STRING','0',1,'0');
Insert into CONELE.TBL_CE_IBM_COLUMNA (ID,NOMBRE,ES_LLAVE_PRIMARIA,ID_TABLA,ES_REQUERIDO,LONGITUD_MAXIMA,NOMBRE_MOSTRAR,TIPO_DATO,ES_LLAVE_FORANEA,ORDEN_COLUMNA,BUSQUEDA) values (321,'ID','1',111,'1',8,'Id','INTEGER','0',1,'0');
Insert into CONELE.TBL_CE_IBM_COLUMNA (ID,NOMBRE,ES_LLAVE_PRIMARIA,ID_TABLA,ES_REQUERIDO,LONGITUD_MAXIMA,NOMBRE_MOSTRAR,TIPO_DATO,ES_LLAVE_FORANEA,ORDEN_COLUMNA,BUSQUEDA) values (322,'DESCRIPCION','0',111,'1',100,'Descripción','STRING','0',1,'0');
Insert into CONELE.TBL_CE_IBM_COLUMNA (ID,NOMBRE,ES_LLAVE_PRIMARIA,ID_TABLA,ES_REQUERIDO,LONGITUD_MAXIMA,NOMBRE_MOSTRAR,TIPO_DATO,ES_LLAVE_FORANEA,ORDEN_COLUMNA,BUSQUEDA) values (323,'TIPO_DOCUMENTO','0',111,'1',50,'Tipo Documento','STRING','0',2,'0');
Insert into CONELE.TBL_CE_IBM_COLUMNA (ID,NOMBRE,ES_LLAVE_PRIMARIA,ID_TABLA,ES_REQUERIDO,LONGITUD_MAXIMA,NOMBRE_MOSTRAR,TIPO_DATO,ES_LLAVE_FORANEA,ORDEN_COLUMNA,BUSQUEDA) values (324,'CODIGO_DOCUMENTO','0',111,'1',5,'Código Documento','STRING','0',3,'0');
Insert into CONELE.TBL_CE_IBM_COLUMNA (ID,NOMBRE,ES_LLAVE_PRIMARIA,ID_TABLA,ES_REQUERIDO,LONGITUD_MAXIMA,NOMBRE_MOSTRAR,TIPO_DATO,ES_LLAVE_FORANEA,ORDEN_COLUMNA,BUSQUEDA) values (325,'TIPO_VISOR','0',111,'1',1,'Tipo Visor','STRING','0',4,'0');
Insert into CONELE.TBL_CE_IBM_COLUMNA (ID,NOMBRE,ES_LLAVE_PRIMARIA,ID_TABLA,ES_REQUERIDO,LONGITUD_MAXIMA,NOMBRE_MOSTRAR,TIPO_DATO,ES_LLAVE_FORANEA,ORDEN_COLUMNA,BUSQUEDA) values (326,'FLAG_VIGENCIA','0',111,'1',1,'Habilitar Vigencia','BOOLEAN','0',5,'0');
Insert into CONELE.TBL_CE_IBM_COLUMNA (ID,NOMBRE,ES_LLAVE_PRIMARIA,ID_TABLA,ES_REQUERIDO,LONGITUD_MAXIMA,NOMBRE_MOSTRAR,TIPO_DATO,ES_LLAVE_FORANEA,ORDEN_COLUMNA,BUSQUEDA) values (327,'VIGENCIA_DIAS','0',111,'1',2,'Vigencia en días','INTEGER','0',6,'0');
Insert into CONELE.TBL_CE_IBM_COLUMNA (ID,NOMBRE,ES_LLAVE_PRIMARIA,ID_TABLA,ES_REQUERIDO,LONGITUD_MAXIMA,NOMBRE_MOSTRAR,TIPO_DATO,ES_LLAVE_FORANEA,ORDEN_COLUMNA,BUSQUEDA) values (328,'PESO_PROM_HOJA_KB','0',111,'1',2,'Peso Promedio en KB por Hoja','INTEGER','0',7,'0');
Insert into CONELE.TBL_CE_IBM_COLUMNA (ID,NOMBRE,ES_LLAVE_PRIMARIA,ID_TABLA,ES_REQUERIDO,LONGITUD_MAXIMA,NOMBRE_MOSTRAR,TIPO_DATO,ES_LLAVE_FORANEA,ORDEN_COLUMNA,BUSQUEDA) values (329,'ID','1',112,'1',8,'Id','INTEGER','0',1,'0');
Insert into CONELE.TBL_CE_IBM_COLUMNA (ID,NOMBRE,ES_LLAVE_PRIMARIA,ID_TABLA,ES_REQUERIDO,LONGITUD_MAXIMA,NOMBRE_MOSTRAR,TIPO_DATO,ES_LLAVE_FORANEA,ORDEN_COLUMNA,BUSQUEDA) values (330,'DESCRIPCION','0',112,'1',50,'Descripción','STRING','0',1,'0');
Insert into CONELE.TBL_CE_IBM_COLUMNA (ID,NOMBRE,ES_LLAVE_PRIMARIA,ID_TABLA,ES_REQUERIDO,LONGITUD_MAXIMA,NOMBRE_MOSTRAR,TIPO_DATO,ES_LLAVE_FORANEA,ORDEN_COLUMNA,BUSQUEDA) values (331,'ID','1',113,'1',8,'Id','INTEGER','0',1,'0');
Insert into CONELE.TBL_CE_IBM_COLUMNA (ID,NOMBRE,ES_LLAVE_PRIMARIA,ID_TABLA,ES_REQUERIDO,LONGITUD_MAXIMA,NOMBRE_MOSTRAR,TIPO_DATO,ES_LLAVE_FORANEA,ORDEN_COLUMNA,BUSQUEDA) values (332,'DESCRIPCION','0',113,'1',100,'Descripción','STRING','0',1,'0');
Insert into CONELE.TBL_CE_IBM_COLUMNA (ID,NOMBRE,ES_LLAVE_PRIMARIA,ID_TABLA,ES_REQUERIDO,LONGITUD_MAXIMA,NOMBRE_MOSTRAR,TIPO_DATO,ES_LLAVE_FORANEA,ORDEN_COLUMNA,BUSQUEDA) values (333,'ID_OPERACION_FK','1',114,'1',5,'Tipo Operación','LISTA','1',1,'1');
Insert into CONELE.TBL_CE_IBM_COLUMNA (ID,NOMBRE,ES_LLAVE_PRIMARIA,ID_TABLA,ES_REQUERIDO,LONGITUD_MAXIMA,NOMBRE_MOSTRAR,TIPO_DATO,ES_LLAVE_FORANEA,ORDEN_COLUMNA,BUSQUEDA) values (334,'ID_PRODUCTO_FK','0',114,'1',5,'Producto','LISTA','1',2,'0');
Insert into CONELE.TBL_CE_IBM_COLUMNA (ID,NOMBRE,ES_LLAVE_PRIMARIA,ID_TABLA,ES_REQUERIDO,LONGITUD_MAXIMA,NOMBRE_MOSTRAR,TIPO_DATO,ES_LLAVE_FORANEA,ORDEN_COLUMNA,BUSQUEDA) values (335,'ID_DOCUMENTO_FK','1',114,'1',5,'Documento','LISTA','1',3,'1');
Insert into CONELE.TBL_CE_IBM_COLUMNA (ID,NOMBRE,ES_LLAVE_PRIMARIA,ID_TABLA,ES_REQUERIDO,LONGITUD_MAXIMA,NOMBRE_MOSTRAR,TIPO_DATO,ES_LLAVE_FORANEA,ORDEN_COLUMNA,BUSQUEDA) values (336,'FLAG_OBLIGATORIO','0',114,'1',1,'Es Obligatorio','BOOLEAN','0',4,'0');
Insert into CONELE.TBL_CE_IBM_COLUMNA (ID,NOMBRE,ES_LLAVE_PRIMARIA,ID_TABLA,ES_REQUERIDO,LONGITUD_MAXIMA,NOMBRE_MOSTRAR,TIPO_DATO,ES_LLAVE_FORANEA,ORDEN_COLUMNA,BUSQUEDA) values (337,'FLAG_REEMPLAZABLE','0',114,'1',1,'Es Reemplazable','BOOLEAN','0',5,'0');
Insert into CONELE.TBL_CE_IBM_COLUMNA (ID,NOMBRE,ES_LLAVE_PRIMARIA,ID_TABLA,ES_REQUERIDO,LONGITUD_MAXIMA,NOMBRE_MOSTRAR,TIPO_DATO,ES_LLAVE_FORANEA,ORDEN_COLUMNA,BUSQUEDA) values (338,'FLAG_CADUCA','0',114,'1',1,'Caduca','BOOLEAN','0',6,'0');
Insert into CONELE.TBL_CE_IBM_COLUMNA (ID,NOMBRE,ES_LLAVE_PRIMARIA,ID_TABLA,ES_REQUERIDO,LONGITUD_MAXIMA,NOMBRE_MOSTRAR,TIPO_DATO,ES_LLAVE_FORANEA,ORDEN_COLUMNA,BUSQUEDA) values (339,'FLAG_REQ_ESCANEO','0',114,'1',1,'Requiere Escaneo','BOOLEAN','0',7,'0');
Insert into CONELE.TBL_CE_IBM_COLUMNA (ID,NOMBRE,ES_LLAVE_PRIMARIA,ID_TABLA,ES_REQUERIDO,LONGITUD_MAXIMA,NOMBRE_MOSTRAR,TIPO_DATO,ES_LLAVE_FORANEA,ORDEN_COLUMNA,BUSQUEDA) values (340,'COD_TIPO_PJ','0',114,'1',2,'Tipo PJ','LISTA','0',8,'1');
Insert into CONELE.TBL_CE_IBM_COLUMNA (ID,NOMBRE,ES_LLAVE_PRIMARIA,ID_TABLA,ES_REQUERIDO,LONGITUD_MAXIMA,NOMBRE_MOSTRAR,TIPO_DATO,ES_LLAVE_FORANEA,ORDEN_COLUMNA,BUSQUEDA) values (341,'ID','1',115,'1',8,'Id','INTEGER','0',1,'0');
Insert into CONELE.TBL_CE_IBM_COLUMNA (ID,NOMBRE,ES_LLAVE_PRIMARIA,ID_TABLA,ES_REQUERIDO,LONGITUD_MAXIMA,NOMBRE_MOSTRAR,TIPO_DATO,ES_LLAVE_FORANEA,ORDEN_COLUMNA,BUSQUEDA) values (342,'CODIGO_CENTRAL','0',115,'1',20,'Código Central','STRING','0',1,'0');
Insert into CONELE.TBL_CE_IBM_COLUMNA (ID,NOMBRE,ES_LLAVE_PRIMARIA,ID_TABLA,ES_REQUERIDO,LONGITUD_MAXIMA,NOMBRE_MOSTRAR,TIPO_DATO,ES_LLAVE_FORANEA,ORDEN_COLUMNA,BUSQUEDA) values (343,'FLAG_ACTIVO','0',115,'1',1,'Activo','BOOLEAN','0',2,'0');
Insert into CONELE.TBL_CE_IBM_COLUMNA (ID,NOMBRE,ES_LLAVE_PRIMARIA,ID_TABLA,ES_REQUERIDO,LONGITUD_MAXIMA,NOMBRE_MOSTRAR,TIPO_DATO,ES_LLAVE_FORANEA,ORDEN_COLUMNA,BUSQUEDA) values (344,'ID','1',116,'1',8,'Id','INTEGER','0',1,'0');
Insert into CONELE.TBL_CE_IBM_COLUMNA (ID,NOMBRE,ES_LLAVE_PRIMARIA,ID_TABLA,ES_REQUERIDO,LONGITUD_MAXIMA,NOMBRE_MOSTRAR,TIPO_DATO,ES_LLAVE_FORANEA,ORDEN_COLUMNA,BUSQUEDA) values (345,'DESCRIPCION','0',116,'1',200,'Descripción','STRING','0',1,'0');
Insert into CONELE.TBL_CE_IBM_COLUMNA (ID,NOMBRE,ES_LLAVE_PRIMARIA,ID_TABLA,ES_REQUERIDO,LONGITUD_MAXIMA,NOMBRE_MOSTRAR,TIPO_DATO,ES_LLAVE_FORANEA,ORDEN_COLUMNA,BUSQUEDA) values (346,'TIPO_MOTIVO','0',116,'1',100,'Tipo Motivo','LISTA','0',2,'0');
Insert into CONELE.TBL_CE_IBM_COLUMNA (ID,NOMBRE,ES_LLAVE_PRIMARIA,ID_TABLA,ES_REQUERIDO,LONGITUD_MAXIMA,NOMBRE_MOSTRAR,TIPO_DATO,ES_LLAVE_FORANEA,ORDEN_COLUMNA,BUSQUEDA) values (347,'ID_TAREA_FK','0',116,'1',5,'Tarea','LISTA','1',3,'1');
Insert into CONELE.TBL_CE_IBM_COLUMNA (ID,NOMBRE,ES_LLAVE_PRIMARIA,ID_TABLA,ES_REQUERIDO,LONGITUD_MAXIMA,NOMBRE_MOSTRAR,TIPO_DATO,ES_LLAVE_FORANEA,ORDEN_COLUMNA,BUSQUEDA) values (348,'FLAG_ACTIVO','0',116,'1',1,'Activo','BOOLEAN','0',4,'0');
Insert into CONELE.TBL_CE_IBM_COLUMNA (ID,NOMBRE,ES_LLAVE_PRIMARIA,ID_TABLA,ES_REQUERIDO,LONGITUD_MAXIMA,NOMBRE_MOSTRAR,TIPO_DATO,ES_LLAVE_FORANEA,ORDEN_COLUMNA,BUSQUEDA) values (349,'CODIGO_MOTIVO','0',116,'0',5,'Código Motivo','STRING','0',5,'0');
Insert into CONELE.TBL_CE_IBM_COLUMNA (ID,NOMBRE,ES_LLAVE_PRIMARIA,ID_TABLA,ES_REQUERIDO,LONGITUD_MAXIMA,NOMBRE_MOSTRAR,TIPO_DATO,ES_LLAVE_FORANEA,ORDEN_COLUMNA,BUSQUEDA) values (350,'ID','1',117,'1',8,'Id','INTEGER','0',1,'0');
Insert into CONELE.TBL_CE_IBM_COLUMNA (ID,NOMBRE,ES_LLAVE_PRIMARIA,ID_TABLA,ES_REQUERIDO,LONGITUD_MAXIMA,NOMBRE_MOSTRAR,TIPO_DATO,ES_LLAVE_FORANEA,ORDEN_COLUMNA,BUSQUEDA) values (351,'CODIGO_OPERACION','0',117,'1',2,'Código Operación','STRING','0',1,'0');
Insert into CONELE.TBL_CE_IBM_COLUMNA (ID,NOMBRE,ES_LLAVE_PRIMARIA,ID_TABLA,ES_REQUERIDO,LONGITUD_MAXIMA,NOMBRE_MOSTRAR,TIPO_DATO,ES_LLAVE_FORANEA,ORDEN_COLUMNA,BUSQUEDA) values (352,'DESCRIPCION','0',117,'1',50,'Descripción','STRING','0',1,'0');
Insert into CONELE.TBL_CE_IBM_COLUMNA (ID,NOMBRE,ES_LLAVE_PRIMARIA,ID_TABLA,ES_REQUERIDO,LONGITUD_MAXIMA,NOMBRE_MOSTRAR,TIPO_DATO,ES_LLAVE_FORANEA,ORDEN_COLUMNA,BUSQUEDA) values (353,'ID','1',118,'1',8,'Id','INTEGER','0',1,'0');
Insert into CONELE.TBL_CE_IBM_COLUMNA (ID,NOMBRE,ES_LLAVE_PRIMARIA,ID_TABLA,ES_REQUERIDO,LONGITUD_MAXIMA,NOMBRE_MOSTRAR,TIPO_DATO,ES_LLAVE_FORANEA,ORDEN_COLUMNA,BUSQUEDA) values (354,'ID_PERFIL_FK','0',118,'1',5,'Perfil','LISTA','1',1,'1');
Insert into CONELE.TBL_CE_IBM_COLUMNA (ID,NOMBRE,ES_LLAVE_PRIMARIA,ID_TABLA,ES_REQUERIDO,LONGITUD_MAXIMA,NOMBRE_MOSTRAR,TIPO_DATO,ES_LLAVE_FORANEA,ORDEN_COLUMNA,BUSQUEDA) values (355,'ID_TIPO_BALANCEO_FK','0',118,'1',5,'Tipo Balanceo','LISTA','1',2,'1');
Insert into CONELE.TBL_CE_IBM_COLUMNA (ID,NOMBRE,ES_LLAVE_PRIMARIA,ID_TABLA,ES_REQUERIDO,LONGITUD_MAXIMA,NOMBRE_MOSTRAR,TIPO_DATO,ES_LLAVE_FORANEA,ORDEN_COLUMNA,BUSQUEDA) values (356,'ID','1',119,'1',8,'Id','INTEGER','0',1,'0');
Insert into CONELE.TBL_CE_IBM_COLUMNA (ID,NOMBRE,ES_LLAVE_PRIMARIA,ID_TABLA,ES_REQUERIDO,LONGITUD_MAXIMA,NOMBRE_MOSTRAR,TIPO_DATO,ES_LLAVE_FORANEA,ORDEN_COLUMNA,BUSQUEDA) values (357,'PESO_MB_DESDE','0',119,'1',5,'Peso en MB Desde','INTEGER','0',1,'0');
Insert into CONELE.TBL_CE_IBM_COLUMNA (ID,NOMBRE,ES_LLAVE_PRIMARIA,ID_TABLA,ES_REQUERIDO,LONGITUD_MAXIMA,NOMBRE_MOSTRAR,TIPO_DATO,ES_LLAVE_FORANEA,ORDEN_COLUMNA,BUSQUEDA) values (358,'PESO_MB_HASTA','0',119,'1',5,'Peso en MB Hasta','INTEGER','0',2,'0');
Insert into CONELE.TBL_CE_IBM_COLUMNA (ID,NOMBRE,ES_LLAVE_PRIMARIA,ID_TABLA,ES_REQUERIDO,LONGITUD_MAXIMA,NOMBRE_MOSTRAR,TIPO_DATO,ES_LLAVE_FORANEA,ORDEN_COLUMNA,BUSQUEDA) values (359,'PESO','0',119,'1',5,'Peso','INTEGER','0',3,'0');
Insert into CONELE.TBL_CE_IBM_COLUMNA (ID,NOMBRE,ES_LLAVE_PRIMARIA,ID_TABLA,ES_REQUERIDO,LONGITUD_MAXIMA,NOMBRE_MOSTRAR,TIPO_DATO,ES_LLAVE_FORANEA,ORDEN_COLUMNA,BUSQUEDA) values (360,'ID','1',120,'1',8,'Id','INTEGER','0',1,'0');
Insert into CONELE.TBL_CE_IBM_COLUMNA (ID,NOMBRE,ES_LLAVE_PRIMARIA,ID_TABLA,ES_REQUERIDO,LONGITUD_MAXIMA,NOMBRE_MOSTRAR,TIPO_DATO,ES_LLAVE_FORANEA,ORDEN_COLUMNA,BUSQUEDA) values (361,'NUMERO_DESDE','0',120,'1',5,'Número Participes Desde','INTEGER','0',1,'0');
Insert into CONELE.TBL_CE_IBM_COLUMNA (ID,NOMBRE,ES_LLAVE_PRIMARIA,ID_TABLA,ES_REQUERIDO,LONGITUD_MAXIMA,NOMBRE_MOSTRAR,TIPO_DATO,ES_LLAVE_FORANEA,ORDEN_COLUMNA,BUSQUEDA) values (362,'NUMERO_HASTA','0',120,'1',5,'Número Participes Hasta','INTEGER','0',2,'0');
Insert into CONELE.TBL_CE_IBM_COLUMNA (ID,NOMBRE,ES_LLAVE_PRIMARIA,ID_TABLA,ES_REQUERIDO,LONGITUD_MAXIMA,NOMBRE_MOSTRAR,TIPO_DATO,ES_LLAVE_FORANEA,ORDEN_COLUMNA,BUSQUEDA) values (363,'PESO','0',120,'1',5,'Peso','INTEGER','0',3,'0');
Insert into CONELE.TBL_CE_IBM_COLUMNA (ID,NOMBRE,ES_LLAVE_PRIMARIA,ID_TABLA,ES_REQUERIDO,LONGITUD_MAXIMA,NOMBRE_MOSTRAR,TIPO_DATO,ES_LLAVE_FORANEA,ORDEN_COLUMNA,BUSQUEDA) values (364,'ID','1',121,'1',8,'Id','INTEGER','0',1,'0');
Insert into CONELE.TBL_CE_IBM_COLUMNA (ID,NOMBRE,ES_LLAVE_PRIMARIA,ID_TABLA,ES_REQUERIDO,LONGITUD_MAXIMA,NOMBRE_MOSTRAR,TIPO_DATO,ES_LLAVE_FORANEA,ORDEN_COLUMNA,BUSQUEDA) values (365,'PLAZO_DIAS','0',121,'1',5,'Plazo en días','INTEGER','0',1,'0');
Insert into CONELE.TBL_CE_IBM_COLUMNA (ID,NOMBRE,ES_LLAVE_PRIMARIA,ID_TABLA,ES_REQUERIDO,LONGITUD_MAXIMA,NOMBRE_MOSTRAR,TIPO_DATO,ES_LLAVE_FORANEA,ORDEN_COLUMNA,BUSQUEDA) values (366,'ID','1',122,'1',8,'Id','INTEGER','0',1,'0');
Insert into CONELE.TBL_CE_IBM_COLUMNA (ID,NOMBRE,ES_LLAVE_PRIMARIA,ID_TABLA,ES_REQUERIDO,LONGITUD_MAXIMA,NOMBRE_MOSTRAR,TIPO_DATO,ES_LLAVE_FORANEA,ORDEN_COLUMNA,BUSQUEDA) values (367,'CODIGO','0',122,'1',10,'Código','INTEGER','0',1,'0');
Insert into CONELE.TBL_CE_IBM_COLUMNA (ID,NOMBRE,ES_LLAVE_PRIMARIA,ID_TABLA,ES_REQUERIDO,LONGITUD_MAXIMA,NOMBRE_MOSTRAR,TIPO_DATO,ES_LLAVE_FORANEA,ORDEN_COLUMNA,BUSQUEDA) values (368,'DESCRIPCION','0',122,'1',50,'Descripción','ALFANUMERICO','0',2,'0');
Insert into CONELE.TBL_CE_IBM_COLUMNA (ID,NOMBRE,ES_LLAVE_PRIMARIA,ID_TABLA,ES_REQUERIDO,LONGITUD_MAXIMA,NOMBRE_MOSTRAR,TIPO_DATO,ES_LLAVE_FORANEA,ORDEN_COLUMNA,BUSQUEDA) values (369,'ID','1',123,'1',8,'Id','INTEGER','0',1,'0');
Insert into CONELE.TBL_CE_IBM_COLUMNA (ID,NOMBRE,ES_LLAVE_PRIMARIA,ID_TABLA,ES_REQUERIDO,LONGITUD_MAXIMA,NOMBRE_MOSTRAR,TIPO_DATO,ES_LLAVE_FORANEA,ORDEN_COLUMNA,BUSQUEDA) values (370,'DESCRIPCION','0',123,'1',100,'Descripción','ALFANUMERICO','0',1,'0');
Insert into CONELE.TBL_CE_IBM_COLUMNA (ID,NOMBRE,ES_LLAVE_PRIMARIA,ID_TABLA,ES_REQUERIDO,LONGITUD_MAXIMA,NOMBRE_MOSTRAR,TIPO_DATO,ES_LLAVE_FORANEA,ORDEN_COLUMNA,BUSQUEDA) values (371,'VERDE_MINUTOS','0',123,'1',7,'Semáforo Verde (Minutos)','INTEGER','0',2,'0');
Insert into CONELE.TBL_CE_IBM_COLUMNA (ID,NOMBRE,ES_LLAVE_PRIMARIA,ID_TABLA,ES_REQUERIDO,LONGITUD_MAXIMA,NOMBRE_MOSTRAR,TIPO_DATO,ES_LLAVE_FORANEA,ORDEN_COLUMNA,BUSQUEDA) values (372,'AMARILLO_MINUTOS','0',123,'1',7,'Semáforo Amarillo (Minutos)','INTEGER','0',3,'0');
Insert into CONELE.TBL_CE_IBM_COLUMNA (ID,NOMBRE,ES_LLAVE_PRIMARIA,ID_TABLA,ES_REQUERIDO,LONGITUD_MAXIMA,NOMBRE_MOSTRAR,TIPO_DATO,ES_LLAVE_FORANEA,ORDEN_COLUMNA,BUSQUEDA) values (374,'ID','1',124,'1',8,'Id','INTEGER','0',1,'0');
Insert into CONELE.TBL_CE_IBM_COLUMNA (ID,NOMBRE,ES_LLAVE_PRIMARIA,ID_TABLA,ES_REQUERIDO,LONGITUD_MAXIMA,NOMBRE_MOSTRAR,TIPO_DATO,ES_LLAVE_FORANEA,ORDEN_COLUMNA,BUSQUEDA) values (375,'ID_TAREA_CC_FK','0',124,'1',5,'Tarea','LISTA','1',1,'0');
Insert into CONELE.TBL_CE_IBM_COLUMNA (ID,NOMBRE,ES_LLAVE_PRIMARIA,ID_TABLA,ES_REQUERIDO,LONGITUD_MAXIMA,NOMBRE_MOSTRAR,TIPO_DATO,ES_LLAVE_FORANEA,ORDEN_COLUMNA,BUSQUEDA) values (376,'ID_PERFIL_FK','0',124,'1',5,'Perfil','LISTA','1',2,'0');
Insert into CONELE.TBL_CE_IBM_COLUMNA (ID,NOMBRE,ES_LLAVE_PRIMARIA,ID_TABLA,ES_REQUERIDO,LONGITUD_MAXIMA,NOMBRE_MOSTRAR,TIPO_DATO,ES_LLAVE_FORANEA,ORDEN_COLUMNA,BUSQUEDA) values (377,'ID','1',125,'1',8,'Id','INTEGER','0',1,'0');
Insert into CONELE.TBL_CE_IBM_COLUMNA (ID,NOMBRE,ES_LLAVE_PRIMARIA,ID_TABLA,ES_REQUERIDO,LONGITUD_MAXIMA,NOMBRE_MOSTRAR,TIPO_DATO,ES_LLAVE_FORANEA,ORDEN_COLUMNA,BUSQUEDA) values (378,'DESCRIPCION','0',125,'1',50,'Descripción','STRING','0',1,'0');
Insert into CONELE.TBL_CE_IBM_COLUMNA (ID,NOMBRE,ES_LLAVE_PRIMARIA,ID_TABLA,ES_REQUERIDO,LONGITUD_MAXIMA,NOMBRE_MOSTRAR,TIPO_DATO,ES_LLAVE_FORANEA,ORDEN_COLUMNA,BUSQUEDA) values (379,'ID','1',126,'1',5,'Id','INTEGER','0',1,'0');
Insert into CONELE.TBL_CE_IBM_COLUMNA (ID,NOMBRE,ES_LLAVE_PRIMARIA,ID_TABLA,ES_REQUERIDO,LONGITUD_MAXIMA,NOMBRE_MOSTRAR,TIPO_DATO,ES_LLAVE_FORANEA,ORDEN_COLUMNA,BUSQUEDA) values (380,'DESCRIPCION','0',126,'1',30,'Descripción','STRING','0',1,'0');
Insert into CONELE.TBL_CE_IBM_COLUMNA (ID,NOMBRE,ES_LLAVE_PRIMARIA,ID_TABLA,ES_REQUERIDO,LONGITUD_MAXIMA,NOMBRE_MOSTRAR,TIPO_DATO,ES_LLAVE_FORANEA,ORDEN_COLUMNA,BUSQUEDA) values (381,'ID','1',127,'1',5,'Id','INTEGER','0',1,'0');
Insert into CONELE.TBL_CE_IBM_COLUMNA (ID,NOMBRE,ES_LLAVE_PRIMARIA,ID_TABLA,ES_REQUERIDO,LONGITUD_MAXIMA,NOMBRE_MOSTRAR,TIPO_DATO,ES_LLAVE_FORANEA,ORDEN_COLUMNA,BUSQUEDA) values (382,'ID_DOCUMENTO_CC_FK','0',127,'1',5,'Id Documento','LISTA','1',2,'0');
Insert into CONELE.TBL_CE_IBM_COLUMNA (ID,NOMBRE,ES_LLAVE_PRIMARIA,ID_TABLA,ES_REQUERIDO,LONGITUD_MAXIMA,NOMBRE_MOSTRAR,TIPO_DATO,ES_LLAVE_FORANEA,ORDEN_COLUMNA,BUSQUEDA) values (383,'FLAG_SOLO_ULTIMA_VERSION','0',127,'1',1,'Flag Solo Ultima Version','BOOLEAN','0',3,'0');
Insert into CONELE.TBL_CE_IBM_COLUMNA (ID,NOMBRE,ES_LLAVE_PRIMARIA,ID_TABLA,ES_REQUERIDO,LONGITUD_MAXIMA,NOMBRE_MOSTRAR,TIPO_DATO,ES_LLAVE_FORANEA,ORDEN_COLUMNA,BUSQUEDA) values (384,'ID','1',128,'1',5,'Id','INTEGER','0',1,'0');
Insert into CONELE.TBL_CE_IBM_COLUMNA (ID,NOMBRE,ES_LLAVE_PRIMARIA,ID_TABLA,ES_REQUERIDO,LONGITUD_MAXIMA,NOMBRE_MOSTRAR,TIPO_DATO,ES_LLAVE_FORANEA,ORDEN_COLUMNA,BUSQUEDA) values (385,'ID_EMPRESA','0',128,'1',20,'Id Empresa','STRING','0',2,'0');
Insert into CONELE.TBL_CE_IBM_COLUMNA (ID,NOMBRE,ES_LLAVE_PRIMARIA,ID_TABLA,ES_REQUERIDO,LONGITUD_MAXIMA,NOMBRE_MOSTRAR,TIPO_DATO,ES_LLAVE_FORANEA,ORDEN_COLUMNA,BUSQUEDA) values (386,'ID_SISTEMA','0',128,'1',20,'Id Sistema','STRING','0',3,'0');


REM INSERTING into CONELE.TBL_CE_IBM_VALORES_FORANEOS
Insert into CONELE.TBL_CE_IBM_VALORES_FORANEOS (ID,ID_COLUMNA,NOMBRE_TABLA,NOMBRE_COLUMNA,VALOR_COLUMNA) values (41,267,'TBL_CE_IBM_PRODUCTO','DESCRIPCION','ID');
Insert into CONELE.TBL_CE_IBM_VALORES_FORANEOS (ID,ID_COLUMNA,NOMBRE_TABLA,NOMBRE_COLUMNA,VALOR_COLUMNA) values (42,268,'TBL_CE_IBM_TERRITORIO','DESCRIPCION','ID');
Insert into CONELE.TBL_CE_IBM_VALORES_FORANEOS (ID,ID_COLUMNA,NOMBRE_TABLA,NOMBRE_COLUMNA,VALOR_COLUMNA) values (43,269,'TBL_CE_IBM_EMPLEADO','NOMBRES_COMPLETOS','ID');
Insert into CONELE.TBL_CE_IBM_VALORES_FORANEOS (ID,ID_COLUMNA,NOMBRE_TABLA,NOMBRE_COLUMNA,VALOR_COLUMNA) values (44,284,'TBL_CE_IBM_TERRITORIO','DESCRIPCION','ID');
Insert into CONELE.TBL_CE_IBM_VALORES_FORANEOS (ID,ID_COLUMNA,NOMBRE_TABLA,NOMBRE_COLUMNA,VALOR_COLUMNA) values (45,289,'TBL_CE_IBM_OFICINA','DESCRIPCION','ID');
Insert into CONELE.TBL_CE_IBM_VALORES_FORANEOS (ID,ID_COLUMNA,NOMBRE_TABLA,NOMBRE_COLUMNA,VALOR_COLUMNA) values (46,297,'TBL_CE_IBM_PERFIL','DESCRIPCION','ID');
Insert into CONELE.TBL_CE_IBM_VALORES_FORANEOS (ID,ID_COLUMNA,NOMBRE_TABLA,NOMBRE_COLUMNA,VALOR_COLUMNA) values (47,298,'TBL_CE_IBM_OFICINA','DESCRIPCION','ID');
Insert into CONELE.TBL_CE_IBM_VALORES_FORANEOS (ID,ID_COLUMNA,NOMBRE_TABLA,NOMBRE_COLUMNA,VALOR_COLUMNA) values (50,333,'TBL_CE_IBM_OPERACION_CC','DESCRIPCION','ID');
Insert into CONELE.TBL_CE_IBM_VALORES_FORANEOS (ID,ID_COLUMNA,NOMBRE_TABLA,NOMBRE_COLUMNA,VALOR_COLUMNA) values (51,334,'TBL_CE_IBM_PRODUCTO_CC','DESCRIPCION','ID');
Insert into CONELE.TBL_CE_IBM_VALORES_FORANEOS (ID,ID_COLUMNA,NOMBRE_TABLA,NOMBRE_COLUMNA,VALOR_COLUMNA) values (52,335,'TBL_CE_IBM_DOCUMENTO_CC','DESCRIPCION','ID');
Insert into CONELE.TBL_CE_IBM_VALORES_FORANEOS (ID,ID_COLUMNA,NOMBRE_TABLA,NOMBRE_COLUMNA,VALOR_COLUMNA) values (53,347,'TBL_CE_IBM_TAREA_CC','DESCRIPCION','ID');
Insert into CONELE.TBL_CE_IBM_VALORES_FORANEOS (ID,ID_COLUMNA,NOMBRE_TABLA,NOMBRE_COLUMNA,VALOR_COLUMNA) values (54,354,'TBL_CE_IBM_PERFIL','DESCRIPCION','ID');
Insert into CONELE.TBL_CE_IBM_VALORES_FORANEOS (ID,ID_COLUMNA,NOMBRE_TABLA,NOMBRE_COLUMNA,VALOR_COLUMNA) values (55,355,'TBL_CE_IBM_TIPO_BALANCEO_CC','DESCRIPCION','ID');
Insert into CONELE.TBL_CE_IBM_VALORES_FORANEOS (ID,ID_COLUMNA,NOMBRE_TABLA,NOMBRE_COLUMNA,VALOR_COLUMNA) values (56,375,'TBL_CE_IBM_TAREA_CC','DESCRIPCION','ID');
Insert into CONELE.TBL_CE_IBM_VALORES_FORANEOS (ID,ID_COLUMNA,NOMBRE_TABLA,NOMBRE_COLUMNA,VALOR_COLUMNA) values (57,376,'TBL_CE_IBM_PERFIL','DESCRIPCION','ID');
Insert into CONELE.TBL_CE_IBM_VALORES_FORANEOS (ID,ID_COLUMNA,NOMBRE_TABLA,NOMBRE_COLUMNA,VALOR_COLUMNA) values (58,382,'TBL_CE_IBM_DOCUMENTO_CC','DESCRIPCION','ID');
Insert into CONELE.TBL_CE_IBM_VALORES_FORANEOS (ID,ID_COLUMNA,NOMBRE_TABLA,NOMBRE_COLUMNA,VALOR_COLUMNA) values (59,305,'TBL_CE_IBM_ESTUDIO_ABOGADO_CC','DESCRIPCION','ID');

REM INSERTING into CONELE.TBL_CE_IBM_POSIBLE_VALOR
Insert into CONELE.TBL_CE_IBM_POSIBLE_VALOR (ID,VALOR,ID_COLUMNA,ETIQUETA) values (30,'01',340,'SAC/SAA/SRL/EIRL/ASOC INSCRITA');
Insert into CONELE.TBL_CE_IBM_POSIBLE_VALOR (ID,VALOR,ID_COLUMNA,ETIQUETA) values (31,'02',340,'PUBLICO');
Insert into CONELE.TBL_CE_IBM_POSIBLE_VALOR (ID,VALOR,ID_COLUMNA,ETIQUETA) values (32,'03',340,'CONSORCIO');
Insert into CONELE.TBL_CE_IBM_POSIBLE_VALOR (ID,VALOR,ID_COLUMNA,ETIQUETA) values (33,'04',340,'PARTIDOS POLITICOS');
Insert into CONELE.TBL_CE_IBM_POSIBLE_VALOR (ID,VALOR,ID_COLUMNA,ETIQUETA) values (34,'05',340,'COMUNIDADES CAMPESINAS');
Insert into CONELE.TBL_CE_IBM_POSIBLE_VALOR (ID,VALOR,ID_COLUMNA,ETIQUETA) values (35,'06',340,'APAFA');
Insert into CONELE.TBL_CE_IBM_POSIBLE_VALOR (ID,VALOR,ID_COLUMNA,ETIQUETA) values (36,'07',340,'C.EDUCATIVOS PRIVADOS');
Insert into CONELE.TBL_CE_IBM_POSIBLE_VALOR (ID,VALOR,ID_COLUMNA,ETIQUETA) values (37,'08',340,'C.EDUCATIVOS ESTATALES');
Insert into CONELE.TBL_CE_IBM_POSIBLE_VALOR (ID,VALOR,ID_COLUMNA,ETIQUETA) values (38,'09',340,'NUCLEOS EJECUTORES');
Insert into CONELE.TBL_CE_IBM_POSIBLE_VALOR (ID,VALOR,ID_COLUMNA,ETIQUETA) values (39,'10',340,'ASOCIACIONES NO INSCRITAS');
Insert into CONELE.TBL_CE_IBM_POSIBLE_VALOR (ID,VALOR,ID_COLUMNA,ETIQUETA) values (40,'11',340,'ARZOBISPAL');
Insert into CONELE.TBL_CE_IBM_POSIBLE_VALOR (ID,VALOR,ID_COLUMNA,ETIQUETA) values (41,'12',340,'JUNTA DE PROPIETARIOS');
Insert into CONELE.TBL_CE_IBM_POSIBLE_VALOR (ID,VALOR,ID_COLUMNA,ETIQUETA) values (42,'13',340,'CLAS');
Insert into CONELE.TBL_CE_IBM_POSIBLE_VALOR (ID,VALOR,ID_COLUMNA,ETIQUETA) values (43,'14',340,'PJ NO DOMICILIADAS');
Insert into CONELE.TBL_CE_IBM_POSIBLE_VALOR (ID,VALOR,ID_COLUMNA,ETIQUETA) values (44,'15',340,'EMBAJADAS');
Insert into CONELE.TBL_CE_IBM_POSIBLE_VALOR (ID,VALOR,ID_COLUMNA,ETIQUETA) values (45,'16',340,'MUNICIPALIDADES');
Insert into CONELE.TBL_CE_IBM_POSIBLE_VALOR (ID,VALOR,ID_COLUMNA,ETIQUETA) values (46,'17',340,'CONTRATOS COLABORACION EMP.');
Insert into CONELE.TBL_CE_IBM_POSIBLE_VALOR (ID,VALOR,ID_COLUMNA,ETIQUETA) values (47,'18',340,'SUCESIONES INTESTADAS');
Insert into CONELE.TBL_CE_IBM_POSIBLE_VALOR (ID,VALOR,ID_COLUMNA,ETIQUETA) values (48,'19',340,'COOPERATIVAS');
Insert into CONELE.TBL_CE_IBM_POSIBLE_VALOR (ID,VALOR,ID_COLUMNA,ETIQUETA) values (49,'20',340,'SUCURSALES');
Insert into CONELE.TBL_CE_IBM_POSIBLE_VALOR (ID,VALOR,ID_COLUMNA,ETIQUETA) values (50,'21',340,'SINDICATOS');
Insert into CONELE.TBL_CE_IBM_POSIBLE_VALOR (ID,VALOR,ID_COLUMNA,ETIQUETA) values (51,'22',340,'COMITES DE GESTION');
Insert into CONELE.TBL_CE_IBM_POSIBLE_VALOR (ID,VALOR,ID_COLUMNA,ETIQUETA) values (52,'23',340,'COLEGIOS PROFESIONALES');
Insert into CONELE.TBL_CE_IBM_POSIBLE_VALOR (ID,VALOR,ID_COLUMNA,ETIQUETA) values (53,'24',340,'UNIVERSIDADES');
Insert into CONELE.TBL_CE_IBM_POSIBLE_VALOR (ID,VALOR,ID_COLUMNA,ETIQUETA) values (54,'25',340,'FIDEICOMISOS');
Insert into CONELE.TBL_CE_IBM_POSIBLE_VALOR (ID,VALOR,ID_COLUMNA,ETIQUETA) values (55,'REASIGNACION',346,'REASIGNACION');
Insert into CONELE.TBL_CE_IBM_POSIBLE_VALOR (ID,VALOR,ID_COLUMNA,ETIQUETA) values (56,'REASIGNACION BANDEJA',346,'REASIGNACION BANDEJA');
Insert into CONELE.TBL_CE_IBM_POSIBLE_VALOR (ID,VALOR,ID_COLUMNA,ETIQUETA) values (57,'RECHAZO DOCUMENTO',346,'RECHAZO DOCUMENTO');
Insert into CONELE.TBL_CE_IBM_POSIBLE_VALOR (ID,VALOR,ID_COLUMNA,ETIQUETA) values (58,'CANCELAR PROCESO',346,'CANCELAR PROCESO');
Insert into CONELE.TBL_CE_IBM_POSIBLE_VALOR (ID,VALOR,ID_COLUMNA,ETIQUETA) values (59,'DEVOLUCION',346,'DEVOLUCION');


COMMIT;