<?xml version="1.0" encoding="UTF-8"?>
<faceted-project>
  <runtime name="wps.v85"/>
  <fixed facet="java"/>
  <fixed facet="jst.web"/>
  <fixed facet="wst.jsdt.web"/>
  <installed facet="java" version="1.6"/>
  <installed facet="jst.web" version="3.0"/>
  <installed facet="com.ibm.websphere.coexistence.web" version="8.5"/>
  <installed facet="com.ibm.websphere.extended.web" version="8.5"/>
  <installed facet="wst.jsdt.web" version="1.0"/>
  <installed facet="jst.jsf" version="2.0"/>
</faceted-project>
